,Speeds,Distance,ETT,TT
0,11.253456344563675,0.622236769373929,3.317576842111372,2.833333333333333
1,21.626703406556615,0.6317198693619068,1.7526107169076548,1.5
2,20.064714840444722,1.8087262927170513,5.40867779213441,21.25
3,24.096782685598914,0.7095378214841663,1.7667200573831239,2.0
4,15.982460957977253,4.958998676543048,18.616652427614603,35.733333333333334
5,9.501349872751204,0.6439682585489472,4.066590119341518,4.666666666666667
6,16.767531915397146,0.7420110297564028,2.655170839096606,3.0
7,28.237254448048795,1.2887715489892693,2.738449415527345,6.15
8,10.98695311680026,1.471956861855017,8.038389785813683,22.566666666666663
9,25.152106176315606,2.657067426220724,6.3383974469448034,10.8
10,20.996474637729,1.9273808921425268,5.50772715533638,11.933333333333334
11,25.081285972701775,1.508928874387641,3.60969260355297,2.683333333333333
12,13.137306037716105,2.6860750194625918,12.267697860205566,29.216666666666665
13,12.79030765369178,4.386049949015088,20.575188968573887,39.333333333333336
14,37.44687393537335,1.7132351437092166,2.745065150163332,5.15
15,17.340834305564453,2.8659970929186636,9.916467832227664,20.58333333333333
16,21.13040775420618,7.756066511787265,22.023426907822042,30.05
17,14.150860421130666,4.665077930306692,19.780046406254986,33.2
18,22.58674346308107,1.5483732985780212,4.1131382249297666,4.816666666666666
19,36.38121512612958,2.0200159929810964,3.331415928760919,4.466666666666667
20,30.586822777212088,4.672483238212002,9.16567883937219,16.266666666666666
21,11.901935640604712,1.4374921543274832,7.246680864698982,7.816666666666666
22,22.80897116029505,0.9057649590633404,2.382654489844049,8.966666666666667
23,15.306833560503103,1.457287712014132,5.712302441601387,6.466666666666667
24,18.387703887601887,2.391068228362077,7.8021755505023584,11.616666666666667
25,12.460185528145624,1.7832790301750094,8.5870905829461,9.133333333333333
26,13.366129933983249,1.182847266262964,5.309752061839173,12.633333333333333
27,8.544215062449998,0.632347864496744,4.4405333424420315,19.566666666666663
28,20.806924539668486,2.872891774045823,8.284429835563568,11.783333333333331
29,28.91637197157783,1.4141417770362008,2.9342722076466035,3.983333333333333
30,6.224946682434669,0.9204317681523403,8.871707487065695,11.766666666666667
31,12.327838388918096,0.824841737871819,4.0145322084038515,3.65
32,20.50428356936353,3.836331217363327,11.225940777844237,12.95
33,19.9778065835919,0.5766952231435398,1.7320076277558591,2.0
34,21.343453188460558,4.5884774086038345,12.898973848574654,26.05
35,19.919218187141794,8.05842567223133,24.273319152957075,40.25
36,16.33734943338031,1.659906160027791,6.09611553011024,16.283333333333335
37,17.439951602545992,1.1241524604323951,3.8675077295568334,3.216666666666667
38,11.395553179665683,0.8708139644285491,4.585019879416314,5.633333333333334
39,16.79161316975737,1.0914097166965675,3.89983870756,4.0
40,33.998565742832284,2.1864011153108422,3.858517677214289,5.483333333333333
41,29.185147528793348,1.047047966826574,2.152563318297944,3.316666666666667
42,16.8461987075175,2.1798823764344353,7.76394395298808,6.65
43,17.84868199868724,2.2924528199881165,7.7062927788955795,11.616666666666667
44,15.697280229067728,1.8410691659425669,7.037152190989111,18.6
45,16.3892993754917,6.075366492420903,22.241462627155048,28.05
46,12.730210870718519,2.4332522064684015,11.46839858905368,17.1
47,16.721275919813614,6.8818994073496835,24.6939268522987,33.36666666666667
48,29.416652007242725,3.5845806829343516,7.311329682354986,12.75
49,32.5727951345847,2.994159074219357,5.515324789011293,5.966666666666667
50,25.532925334402858,3.0021986070698046,7.05488752522532,10.483333333333333
51,14.966532033299817,7.937902936932614,31.822614294097633,38.35
52,15.42010098486442,1.4956697542225574,5.819688557256389,5.483333333333333
53,15.648576189171672,3.451575726524807,13.234082199426641,20.08333333333333
54,15.948913815707453,3.3289375193365904,12.523501817627425,9.983333333333333
55,22.27997009251975,1.2318570482588616,3.3173932724598507,4.483333333333333
56,37.79187112288992,0.8486075787036667,1.3472858900437117,1.65
57,15.01100005360808,0.9597079440578375,3.8360186821549966,22.916666666666668
58,15.74597309086538,0.5935605404947095,2.261761291230892,1.6666666666666667
59,14.962462916038668,1.239261860463107,4.969483436318664,13.283333333333331
60,21.190828271222554,14.741664828000951,41.73975072419517,48.21666666666667
61,32.216310066670076,2.781457191584634,5.1802155848920215,6.65
62,8.870384754561025,0.7190117815814724,4.863453851052629,3.316666666666667
63,16.935415906031086,5.137847764571547,18.20273370224764,24.416666666666668
64,22.13976870112243,1.4622627791197675,3.962813159052473,5.65
65,12.441644081219302,3.6173260534905776,17.444604731705557,27.716666666666665
66,28.573177440279697,8.649711119144163,18.163281568294824,30.716666666666665
67,23.552631255305986,0.550740670916241,1.403004186529271,2.15
68,23.886139280459258,2.362110828288906,5.933426412416422,9.316666666666666
69,14.614679754524248,2.552442735098315,10.478954494948102,11.633333333333333
70,14.72943365338983,0.9477983750958012,3.860834288945014,3.316666666666667
71,19.770828180390698,1.11926645217187,3.396720993049726,4.8
72,20.561810386935285,2.1447656238862267,6.258492565175049,20.916666666666668
73,12.551322173560278,1.037015688878517,4.957321664786935,11.3
74,12.46538659227914,0.9497982902726804,4.571691138055695,3.65
75,20.24128394650188,6.351966503606014,18.82874580603006,26.366666666666667
76,35.427702780488325,3.463325317752629,5.865452816760181,6.966666666666667
77,26.058878649080306,5.957243966193763,13.716424362881813,17.283333333333335
78,33.23052822900802,4.092737904021345,7.389719253000606,8.633333333333333
79,14.488340879203623,9.376475610640297,38.83043209219009,39.23333333333333
80,24.701134452147134,3.0859899405945233,7.495987554513979,17.916666666666668
81,10.612660959510126,2.186974954456598,12.36433518116015,11.4
82,14.740924841420933,1.5110238023567135,6.150321578646867,5.316666666666666
83,14.248501620462395,2.9257026046889285,12.320043254880789,16.1
84,13.809398259832554,4.5211189480991525,19.643660917144004,27.216666666666665
85,53.736302717682804,1.0415985644642127,1.1630110503915907,0.8333333333333334
86,27.957627320257213,5.029087681547005,10.79294953882532,15.6
87,24.65583154199207,2.1527497900851236,5.2387195777649085,8.45
88,13.820593539813201,2.944042249249109,12.78111062640614,19.23333333333333
89,14.619938263483,2.3927933989113925,9.819987016859026,28.23333333333333
90,20.410767229996733,5.25290599020125,15.441573354914274,19.8
91,16.669609580473747,2.007862149545803,7.227027627201596,29.73333333333333
92,22.141186453078415,3.2277182889190996,8.746735309128834,17.666666666666668
93,15.548173883312215,4.635638778765355,17.88880988940096,43.71666666666667
94,13.330350763901773,3.008688175287933,13.54212606363838,31.28333333333333
95,21.914771352823184,3.1269134128880975,8.561111669965758,9.616666666666667
96,31.506467986885152,3.752712593669737,7.146556564636514,30.58333333333333
97,26.196919423118043,0.5807252704692191,1.330061587218714,2.35
98,17.427681673556766,3.62199350882206,12.469794583123772,19.58333333333333
99,21.956961322901694,6.7784836654755125,18.523010263005858,38.0
100,19.563613099268405,12.13087178025577,37.20439078007348,50.63333333333333
101,22.01832061695457,0.5036040958520198,1.3723229067640175,1.9833333333333327
102,21.975893109988743,0.8597168607472684,2.3472543931054153,4.0
103,12.239697308940778,0.9393466024505105,4.604754082101405,4.983333333333333
104,24.340434301121324,0.552991491164035,1.3631428699821342,1.3333333333333333
105,15.036514426643661,2.3582736745962483,9.41018752491289,12.95
106,17.05592364311522,1.1230712011140576,3.9507841074349392,4.0
107,22.385439899216177,0.742590090565231,1.9903743520123522,2.333333333333333
108,26.588884862156572,1.433111605287399,3.2339339074587174,14.933333333333334
109,13.138139620389719,1.8403020068236664,8.40439541668873,10.55
110,15.653584193907808,4.109242275464986,15.750676233233238,43.86666666666667
111,13.887622889604076,2.7247376006464714,11.77193947001315,10.15
112,18.04745655270635,0.7172530447590209,2.384556658156232,1.8166666666666669
113,10.548809548049839,1.1751454901689087,6.684046108612273,4.666666666666667
114,21.289653064633416,2.145047789093674,6.045324785466932,6.3
115,13.922500219800181,4.0849303616379045,17.604296486180406,27.883333333333333
116,31.422059786356126,5.034157804975941,9.612656533411293,24.58333333333333
117,24.143956365480985,3.723636066863844,9.253585478279579,38.516666666666666
118,10.471859031788819,2.197332463505385,12.589927672832893,15.133333333333333
119,10.326836885965204,3.4309417104496456,19.934129385421997,38.18333333333333
120,11.02494868329701,0.6920807885614142,3.766443591397003,5.0
121,13.954808222215519,1.7037528781728684,7.325444467780901,11.966666666666669
122,22.025075311419695,0.5849495914508669,1.593500816265301,1.9833333333333327
123,20.42042576352947,1.2992320391813288,3.8174484339158146,11.933333333333334
124,15.11701763133242,4.307492947792018,17.09659822925941,20.116666666666667
125,14.725898586128269,2.2190426663420126,9.041387810855934,21.25
126,28.14142544860243,1.7786864393359565,3.7923162973770905,3.5
127,10.859669081576989,2.471993938063152,13.65784124448209,19.816666666666663
128,16.1034265744097,4.16266408920287,15.509732925355834,24.08333333333333
129,30.823043029704948,2.091558837925494,4.071419235102399,2.4833333333333334
130,16.811178625082327,3.0189261528661,10.774709686429196,17.283333333333335
131,26.25205185476359,0.6650360272840364,1.5199635387662738,1.65
132,26.587500585877525,1.0784980145978742,2.4338459595650894,3.15
133,13.909610331710285,0.9898489939193136,4.269777385478798,6.033333333333333
134,17.104330970764327,8.180203730239844,28.695201505005617,56.38333333333333
135,13.733557344944751,3.587349787326751,15.672631775832947,22.25
136,28.842295583347106,0.8848234669542964,1.8406790078079087,8.783333333333333
137,26.24387374287753,1.841394401987142,4.2098839981355,5.65
138,18.082984769009528,3.0856440008000217,10.238278824704336,31.95
139,11.474067317292313,0.9867563392708832,5.159929667401016,5.15
140,17.598758682062705,1.9824253751463357,6.758745014784125,11.933333333333334
141,22.637768834077793,1.111740595997385,2.9465993865715903,5.65
142,15.713373658804333,1.492043334188896,5.697223396783001,7.766666666666667
143,8.623431691291477,0.5386454089645234,3.747779966820985,25.5
144,22.92772608952369,12.448652751761674,32.5771148080397,42.333333333333336
145,22.55678982970717,4.124524857051059,10.971042124848143,43.73333333333333
146,18.874390145439065,0.8362715784595218,2.6584326338987037,2.9833333333333334
147,23.39611061683615,6.170473751321749,15.824357780770779,29.05
148,27.544309335692468,2.975044600600778,6.480564600860743,9.783333333333331
149,14.489027213188471,8.427051619238178,34.896966491584266,47.41666666666666
150,8.318666036415207,0.7519920511613806,5.423889223605177,15.95
151,14.942222715262139,1.1034808466010153,4.430990760727621,5.483333333333333
152,21.947017491978134,1.323770058850428,3.618997595461743,3.4166666666666665
153,22.857125399002225,9.733586379374444,25.55068376130799,20.1
154,14.143151655842363,1.905894973862347,8.085446668070105,14.283333333333331
155,12.279136364246558,0.5356364938767798,2.6173004907889363,3.333333333333333
156,23.154467361651637,1.5239460206856854,3.948990050731136,5.65
157,11.563584900292872,2.3862969259819895,12.381784437393035,13.45
158,13.678156700195684,2.235531364230702,9.806283463028551,13.116666666666667
159,19.62020093000701,2.831475045788833,8.658856418106483,18.933333333333334
160,20.837253664027802,11.393262980815514,32.806424007260134,34.03333333333333
161,16.64214395366104,1.49700070973267,5.397143711414721,7.633333333333334
162,27.12673518078511,1.5149105016304265,3.3507397588416645,4.983333333333333
163,21.610587852406876,1.243257559779526,3.4518012233741016,6.116666666666666
164,14.08477578263538,2.1473159745651453,9.147391514229833,6.65
165,25.018807628280644,11.643323190448179,27.922969064169596,47.833333333333336
166,17.652289301714344,3.7692142643275703,12.811531240749087,18.416666666666668
167,24.04559080248136,6.050555292848734,15.097708372108753,23.75
168,16.523110942478787,8.558681314390066,31.078946371001358,48.2
169,29.697506946930517,2.0907007684915753,4.223992483061275,4.816666666666666
170,16.54999429984863,1.40250060098162,5.084596075037129,3.15
171,18.397815302880005,1.238636354743864,4.03951121701923,7.3
172,16.16970585214169,4.8727468512284,18.081022236714347,23.9
173,23.687923438643235,1.684859169867084,4.267640869993255,3.0
174,25.11040064226192,0.6990160372674179,1.6702625670359306,1.3333333333333333
175,14.747613104397185,1.4282780575655123,5.810884978287042,13.783333333333331
176,16.037024236282427,1.9422134100673516,7.266485532920463,8.816666666666666
177,17.505110932299036,6.911923936803317,23.69110586114591,21.9
178,14.145500215467397,2.3405695087630027,9.927833472599465,9.633333333333333
179,20.875403109898375,2.333392661103293,6.706627839910448,4.316666666666666
180,14.678581638601424,3.0133667572219056,12.317402994703865,21.08333333333333
181,19.846304478636615,3.0815321274430962,9.316189210218512,13.116666666666667
182,15.028087465884072,6.176259053342439,24.658862549330134,25.4
183,21.66468620016917,6.82971369802104,18.914782244944888,33.03333333333333
184,18.688478216526903,2.0499099924960733,6.581306306738009,31.73333333333333
185,33.79697963551637,6.259392250005702,11.11234018692227,16.933333333333334
186,19.166341605046085,9.928489408352696,31.0810157085129,44.48333333333333
187,11.09648627388365,0.6088887576183284,3.292332775924161,5.133333333333334
188,24.231896866597125,1.9821469776922522,4.907945065805996,7.65
189,12.175297060992374,0.7933131235868074,3.9094559399053215,5.8
190,15.074856483208789,4.155747703318056,16.540446834556434,13.95
191,13.617343235375724,1.2433421681928447,5.478346899398862,4.15
192,25.75807528926368,7.21442709918022,16.80504545039658,24.566666666666663
193,16.004435163322484,1.0092452432166217,3.7836208510357876,4.316666666666666
194,41.57313394603727,1.4570021944768312,2.1028035024273826,2.5
195,11.936932384247326,1.7673437998703243,8.883406940643885,8.483333333333333
196,12.286779988618429,1.4062259839570679,6.867019602823648,10.95
197,33.93354638356747,0.9214848182285483,1.6293342425443333,1.8166666666666669
198,18.776369199187908,1.1570550425932804,3.697376304179161,3.15
199,34.8419068280835,1.083211074681852,1.865359000056946,2.15
200,18.82640904618657,11.607216420971879,36.99234323177423,46.833333333333336
201,18.303366480541776,0.8410260989918066,2.756955448231551,3.8333333333333335
202,35.51883732722922,0.7164415241974501,1.2102448921911355,1.3166666666666669
203,14.615615144556788,3.2100186212618396,13.177763328520575,17.116666666666667
204,13.917564495500702,0.9581853137327384,4.130831859449988,5.483333333333333
205,16.446842450224818,4.620606936070002,16.85651315766149,31.53333333333333
206,18.993714781735132,2.4545530909279503,7.753785246754304,7.133333333333334
207,24.029574962528834,3.850426251589664,9.6142181231102,10.283333333333331
208,16.848760439731752,1.4557845850412572,5.184184048133221,28.85
209,28.2030366710624,0.6661074049434261,1.4170971999484352,2.6666666666666665
210,28.359212493349062,8.597342764846815,18.18952363404965,42.16666666666666
211,24.550444393865483,3.118599137768069,7.621692921894299,14.283333333333331
212,11.485854068181375,4.569063614052391,23.867952284244048,45.2
213,18.37024687770962,1.2218594117519614,3.9907773255934647,5.316666666666666
214,15.310813003362433,2.3803851974115506,9.32825133540116,7.633333333333334
215,36.97106492529628,3.3176236823922958,5.384140850304234,11.466666666666669
216,16.878001197398312,5.02826831107836,17.875108262891167,23.25
217,14.072285989940225,9.872942150421247,42.095259394866176,53.13333333333333
218,25.323729712119185,2.4566612901631735,5.820614857504552,7.966666666666667
219,20.26634178268719,12.15917141287552,35.998124012482606,46.98333333333333
220,16.576329585526445,4.56551509533481,16.525425867453208,16.8
221,20.183235232907947,8.368448691553706,24.877425036128862,36.23333333333333
222,16.879863330397775,5.768514105226916,20.504363070898087,48.81666666666667
223,12.458166433466697,1.7623121312393226,8.48750323244283,12.766666666666667
224,18.35123981086089,7.5066068427531025,24.543105272845175,26.23333333333333
225,21.752584575211817,3.6162333065728456,9.974630722347529,13.1
226,29.660028465087162,2.55726354123049,5.173151221160788,6.966666666666667
227,15.408743789440534,1.200619552927756,4.675084105495462,10.8
228,16.734773394109666,5.3318779631370745,19.116642350282905,49.13333333333333
229,33.179955683133095,2.443005818434808,4.417737941120941,7.633333333333334
230,21.737185348049056,0.8846673908252339,2.441900485256618,25.9
231,22.28670153222149,6.356010023766018,17.111576644691034,22.9
232,21.819121578645944,1.284185051533734,3.5313567878659624,4.816666666666666
233,14.775003300114367,3.6624967364009997,14.873079871485308,22.566666666666663
234,7.083443162200055,0.8667604469740082,7.341857007614924,19.1
235,20.003184731508416,1.3097473592690758,3.9286164983698857,4.35
236,34.06991822683433,3.0977442193633156,5.455388883657702,6.633333333333334
237,13.831362865804273,0.5589471939644052,2.4246946568641117,2.1666666666666665
238,7.8890287503906675,2.466811153459822,18.761329675755064,28.066666666666663
239,27.44957953241653,2.6993005576478444,5.900200885321636,7.983333333333333
240,24.35475550017091,3.6435797301235384,8.976266824188736,18.25
241,21.01073115890964,4.759067026841391,13.590389570493267,15.766666666666667
242,13.72700572508644,1.2555200440859828,5.487810244552411,4.166666666666667
243,30.20957735120236,9.158491761553455,18.189910414994156,9.766666666666667
244,10.05878118711832,2.734632765601654,16.311913231219712,17.583333333333332
245,16.460367336041433,1.0611733972612423,3.868103459408378,5.316666666666666
246,19.102214755573723,0.9523503619774488,2.9913296677797057,3.966666666666667
247,14.99803689308173,2.211042195766949,8.845326404498397,11.15
248,28.723635152803844,11.57809686217438,24.185163473734324,44.333333333333336
249,12.96375378982203,0.924252828501594,4.277709266094982,5.65
250,18.43924162986062,4.139824048585651,13.470697325908223,26.9
251,17.983589869226083,0.6381434694186144,2.1290859302033565,1.65
252,33.662549032491754,4.794609600441151,8.54589400668375,4.333333333333333
253,18.05590697226083,1.6306547298988971,5.418685638126275,22.383333333333333
254,13.826184761928522,1.8598737482042256,8.071093133337259,6.15
255,25.353751240029894,0.5609010170653235,1.327379948841043,1.4833333333333334
256,17.65245533848186,6.882131951841633,23.39209527471947,30.566666666666663
257,13.278386655638919,2.4590092354006807,11.1113313650484,30.566666666666663
258,32.7319199532488,1.0861282444559102,1.9909524024387824,2.15
259,9.898349531875425,1.129633994131183,6.847408189578165,5.983333333333333
260,6.427625004688625,0.5586174650930871,5.214530698529588,6.816666666666666
261,20.15698223504606,1.808045354109524,5.381892982867114,5.483333333333333
262,21.316359239004793,2.720208712997908,7.656679123760838,13.616666666666667
263,18.484950561810077,2.1264180466673284,6.902105708826216,11.783333333333331
264,13.986610366227701,0.6455971819598878,2.7694938161089726,10.283333333333331
265,24.444074795260196,2.4169997752501264,5.932725526724683,12.116666666666667
266,38.53987787490854,8.893965700880099,13.846383836110489,17.566666666666666
267,8.816673651358514,1.0903960851722814,7.420458973238291,9.666666666666666
268,32.15338143243387,2.9184676292925578,5.446023091708727,6.15
269,21.81501385243246,4.542042204704586,12.492429944154622,14.166666666666666
270,16.13926835161577,4.790673355838671,17.810001983240053,20.78333333333333
271,12.39727964165158,2.569808305545743,12.437284855196138,15.933333333333334
272,19.022919488955086,4.921780494362522,15.523738605591516,20.58333333333333
273,11.083292282394659,0.6259424103729128,3.3885729678023333,2.65
274,18.284225226210847,0.640905845284645,2.103143570007742,3.15
275,15.009994461249965,0.7280485786587638,2.9102552191007343,1.9833333333333327
276,25.529833140056574,4.919625057302063,11.562061601373617,17.45
277,14.926651869618823,5.623119665720337,22.60300453780436,24.53333333333333
278,21.76947777839769,1.1386324770693623,3.1382447167361582,3.1666666666666665
279,15.91001309420722,4.983252648736762,18.792892070784582,25.683333333333334
280,9.57247132137621,1.2618142798580103,7.9090189199539065,6.65
281,18.302481013233425,8.153437488978899,26.728958166109734,24.933333333333334
282,20.237196199970633,8.85882393260023,26.264974194240658,33.36666666666667
283,13.201171964894996,1.5273279032954001,6.941783232686865,17.133333333333333
284,25.125372138064048,0.5261499337081462,1.2564588436349113,1.65
285,14.20457973279214,5.30469138261076,22.406962327922546,33.55
286,33.14169376119797,1.0189106831028263,1.8446444356970533,7.466666666666667
287,24.31525291773718,5.385818034040138,13.289974121827111,24.066666666666663
288,12.205228239608909,1.0611984489946635,5.2167731475146955,3.816666666666667
289,12.162995643632897,0.625870688689803,3.087417148015348,1.8166666666666669
290,18.583081136902063,6.8220825122619475,22.02675367557236,36.03333333333333
291,15.986530619118854,1.893814633380923,7.107788469560907,7.816666666666666
292,22.540859989295768,1.9606488441734746,5.2189193627161075,5.483333333333333
293,17.05743555399437,2.7163047194915215,9.554676765659911,16.6
294,22.10057734667179,7.519839347292301,20.415320095946928,26.216666666666665
295,15.396450140529888,4.306775085712439,16.783511964391874,34.6
296,9.845316501256871,5.242738428999313,31.950654476146184,31.216666666666665
297,17.275641466817955,0.721047656562439,2.504269348078514,27.933333333333334
298,17.89535450272917,5.8444410757816385,19.595390775489758,18.08333333333333
299,11.427488908243026,0.578842612436162,3.03921159101869,2.4833333333333334
300,19.845295528712747,1.3614206912885547,4.116101035589454,4.816666666666666
301,24.46270620496648,1.228485751994341,3.013123098567723,11.216666666666669
302,28.28908387769348,8.0682188150145,17.112365002480246,22.933333333333334
303,23.137711513690505,1.907650891082705,4.946861464550514,13.633333333333333
304,19.49754507640969,6.418841124197279,19.752767127478556,14.116666666666667
305,10.741003823914221,1.1089530144663708,6.194689244951303,20.85
306,12.554668778130203,3.3009608606532703,15.775617432791677,35.28333333333333
307,11.649327029028122,1.1724466132707425,6.038700486384528,12.933333333333334
308,11.683828849438955,0.5779355756127331,2.9678742288688267,7.3
309,21.11254667572593,5.155549988397466,14.651619440088787,30.55
310,27.929301708988948,5.209163048680755,11.190748203355627,12.933333333333334
311,22.78467604449178,1.1445689497368479,3.0140493044584202,5.15
312,18.79043549991819,1.986777138111001,6.3440056132376,16.816666666666666
313,17.519713499280066,2.9775318229574568,10.19719354342117,9.8
314,24.081576765886087,0.8376318845126326,2.086985979338081,2.15
315,17.519519462853427,0.8612601277015073,2.949601886721724,4.15
316,11.594251179362567,0.5490759418874301,2.8414561668187908,2.4833333333333334
317,12.479899613486559,2.4548506801355447,11.802261666348725,12.283333333333331
318,17.715411389550663,4.749800876323029,16.08701295796497,21.08333333333333
319,19.230801106987094,0.7086492786291615,2.2109820844801598,1.4833333333333334
320,14.098666096637908,2.1320593900064857,9.073451525381888,23.916666666666668
321,14.646220642402517,1.5429533034525789,6.320893318999508,5.8
322,12.727229791938246,0.8607534595605433,4.0578514270517845,3.333333333333333
323,19.969202543790608,2.3640919227395654,7.103213814037884,25.25
324,19.345214878212403,1.7776497391824984,5.513455654146021,8.15
325,22.172435508560767,3.51994395316469,9.525188926960166,9.966666666666669
326,29.047766649004938,0.7616249093985139,1.5731844418915508,2.9833333333333334
327,27.417100532395985,2.0651806647394793,4.519472791732881,5.316666666666666
328,22.632955177817898,4.288918646157815,11.369930119495747,13.133333333333333
329,19.505850008648974,1.8396884512060734,5.658882182700107,5.783333333333333
330,11.274519480178197,3.8998474537003167,20.75395298517154,32.03333333333333
331,29.997533051548047,2.8596529479679593,5.71977624237414,6.15
332,15.530346928416625,1.2611198845638174,4.872215245583286,3.983333333333333
333,17.15827639917293,3.418688453766229,11.954656892918514,8.133333333333333
334,19.919579734745565,1.7285481378543206,5.206580141364813,31.216666666666665
335,27.34257501848811,3.162025695602639,6.938685972622372,8.816666666666666
336,21.392234478158578,1.7743098020827375,4.976506228634425,3.983333333333333
337,26.285406110919315,2.305757898198456,5.263204734525169,9.466666666666669
338,19.449479565023903,1.4303078073986755,4.4123786529614035,6.0
339,20.5819177470105,4.597145027609298,13.401506363352446,29.883333333333333
340,15.971928421831379,6.757375079335398,25.384693322688637,28.383333333333333
341,21.38296988206137,1.9795396271297498,5.554531399654904,16.933333333333334
342,28.246735714394777,3.4707805255690256,7.372421140614034,12.133333333333333
343,17.443352439704306,6.958433535571425,23.93496396850667,22.08333333333333
344,14.982667569907555,2.295174617635653,9.191318996807247,9.65
345,13.381688455688268,0.7707600823216954,3.4558871320639444,2.816666666666667
346,29.125833278394897,6.829442315699529,14.068834873333234,19.08333333333333
347,22.86981141368864,6.524999285027227,17.118635130821534,28.566666666666663
348,32.104447318085,0.7177899276908336,1.341477560250333,1.0666666666666669
349,11.439907992901194,4.8128915605800255,25.242641270716,37.2
350,15.60219588047937,0.6825574117250961,2.624851336134327,4.15
351,16.850638814571973,7.031831641859792,25.038213871555502,29.0
352,22.609387665873406,3.4313258559247806,9.105932208249994,7.633333333333334
353,20.313172507405515,4.045077991295539,11.948142486814907,10.116666666666667
354,26.042615102816814,6.33280005250702,14.590239945193645,21.916666666666668
355,11.814953214393977,2.2794883175926812,11.575949271549964,15.383333333333333
356,22.218947618022387,1.5837850383010743,4.276849827981295,4.833333333333333
357,23.94556696915292,0.7412555451548342,1.8573514156747224,1.8166666666666669
358,14.609072898019273,4.560650078090536,18.730757700752708,24.45
359,13.144445964525726,1.0777154937347522,4.919410814164223,8.966666666666667
360,19.20562864336696,2.378222168769252,7.429766178231143,7.8
361,18.104482320600297,3.416394646926207,11.322261260258763,17.933333333333334
362,21.293189468940245,1.8619410154452913,5.24658182794433,10.133333333333333
363,11.773762764573975,3.5926559354937164,18.30845078501315,24.216666666666665
364,12.463292913834417,1.1082725444370531,5.3353759015333235,7.466666666666667
365,12.381888605100515,4.695015938560409,22.75104915720066,25.08333333333333
366,34.85354182653392,0.6831617218934636,1.1760556077087823,2.7333333333333334
367,13.35802363309585,1.6560410651212238,7.438410549079499,5.133333333333334
368,26.50213790424284,0.9643959362818316,2.183361824845317,2.4833333333333334
369,21.416755744226744,8.88277148479534,24.88548197741811,41.35
370,17.444888177808966,1.7508847838302872,6.021998304549272,7.666666666666667
371,7.497606142010112,0.7272647389008596,5.8199755371989665,17.466666666666665
372,17.317917440608618,3.167541173652802,10.974325929832412,26.066666666666663
373,18.480636999641657,1.3925310403126756,4.521048837244118,6.816666666666666
374,19.555551907523913,0.5183280927601229,1.590325126729965,19.933333333333334
375,16.128501320828473,6.780290825995459,25.22351218301729,30.383333333333333
376,10.343483064441386,0.5702307336291571,3.307768167124387,2.1666666666666665
377,21.24043592505791,1.3135032831833466,3.71038510080795,3.816666666666667
378,25.177734592966004,1.482625988159393,3.5331836135255785,12.133333333333333
379,40.46008037578306,2.728978414007537,4.046919910185256,12.1
380,20.743220632805894,5.036717641083572,14.568762672613772,30.216666666666665
381,28.334607018684547,1.5798105193779641,3.3453307151982683,6.466666666666667
382,15.537941017787066,0.9260272664357224,3.5758686380994193,5.483333333333333
383,12.432281172236575,5.315947687573931,25.655537936732117,30.866666666666667
384,16.169364712871964,12.36920056921815,45.89865138995122,58.36666666666667
385,60.54687194007379,6.569565369239501,6.5102276884675945,10.016666666666667
386,9.67048837986528,0.8673118071509126,5.381187214639899,8.95
387,31.211076424722858,5.655761778446401,10.87260503575526,32.733333333333334
388,15.48398789988084,6.811639598621775,26.394904113846,32.05
389,26.07369364063183,9.575932998556238,22.035849152496656,35.36666666666667
390,15.720621364443083,4.138683678515629,15.795878226072569,18.48333333333333
391,17.11218875980218,2.9647002923148125,10.395047649120551,35.983333333333334
392,10.385426595950355,0.6555409865249664,3.7872742951969927,4.316666666666666
393,22.328329657269148,10.729792297727657,28.832767508610736,44.88333333333333
394,13.411641368671091,2.6234583857799247,11.736632289802452,10.966666666666669
395,18.714740172822626,4.379066792373952,14.039415194446118,22.28333333333333
396,11.757147800000684,1.083161861257578,5.527676676434304,5.983333333333333
397,24.121515875473733,1.264601361263346,3.1455768396773944,4.166666666666667
398,18.779862011364187,3.275174388502793,10.463892822601888,20.416666666666668
399,17.635615165110703,2.2184859442845886,7.547746727906089,26.4
400,31.004094267752205,3.4370914083162663,6.651556491797731,10.116666666666667
401,20.147977589342585,7.297167388886954,21.730719194605943,34.916666666666664
402,15.52860306757454,2.849672872154484,11.010673116263444,16.783333333333335
403,21.597934288884293,2.1611273454164803,6.003705678080716,19.383333333333333
404,14.579813625550374,0.5151343028753207,2.1199213492245508,2.6666666666666665
405,15.757081334293785,0.7684520044332231,2.9261205985937027,23.75
406,17.92482320228269,0.9941300565823442,3.3276648099572124,3.5166666666666666
407,17.18178890282273,2.5241160963446205,8.81438869009714,13.116666666666667
408,10.880075099574103,2.217249929749769,12.227396830210642,14.283333333333331
409,11.049370556441202,0.959433295291882,5.209889325682445,11.1
410,35.39591194579536,3.4004583834372157,5.76415444017029,6.966666666666667
411,28.627737846185198,0.9364039682787548,1.9625804315590427,1.9833333333333327
412,23.948878617806447,7.104473297815392,17.799096344827806,19.166666666666668
413,11.8758209774527,4.163238613534674,21.033856714945195,20.433333333333334
414,15.154407789758071,7.7606110198243385,30.726153581808415,31.7
415,14.719840921036335,4.239288751689905,17.279896329442572,28.55
416,13.164003907709054,1.122193579008983,5.1148279210938625,3.8333333333333335
417,29.393618379484455,0.6710575390246057,1.3698025136496497,2.1666666666666665
418,13.213335072961602,0.8726720910578318,3.9626880855095132,6.133333333333334
419,25.798710051423463,2.6149883522709483,6.081672332590127,16.266666666666666
420,17.110643529647607,3.029011280415342,10.621498630955552,13.283333333333331
421,22.115972882143303,9.263387429292743,25.13130436175958,26.73333333333333
422,12.319918749312798,5.403362946697806,26.315252835571844,34.86666666666667
423,11.714679362587137,1.9667965878872045,10.073497670803578,10.95
424,24.09144139771455,2.927068021069089,7.289895127686549,7.483333333333333
425,17.667764038608382,3.7040659498354995,12.579065268501017,17.466666666666665
426,20.813527180880456,1.4821930355678807,4.272778052523765,4.983333333333333
427,15.95779059124693,0.8168665107248608,3.0713519119855732,5.966666666666667
428,13.434401685683685,0.6987744141252953,3.120828588309703,3.1666666666666665
429,21.624578643530214,9.085625805066526,25.20916394674305,40.2
430,16.458516843473266,0.6596637514004636,2.4048233179482064,2.65
431,18.701639140491736,1.678724969299932,5.385811232979845,6.633333333333334
432,20.405424555053315,3.3618645598043813,9.88520836917896,17.933333333333334
433,8.615019937862483,0.5019354271604795,3.495769696047974,3.816666666666667
434,20.728674901326297,2.175627178619301,6.2974421345575635,29.683333333333334
435,14.213185913122638,2.7015714980413925,11.404500783517257,22.08333333333333
436,30.327707725008462,1.4739051190644366,2.915957511386282,8.166666666666666
437,11.899281821189089,0.6516077643048658,3.2856155897301926,3.983333333333333
438,21.997385283461544,0.9062260794325175,2.471819448779266,5.966666666666667
439,11.783103073323682,1.8634193468538303,9.48860076293067,24.9
440,40.266957934246186,1.4172817336385317,2.111828366999381,2.15
441,21.78331185153075,8.236453630630411,22.686505211240288,23.266666666666666
442,27.376768522190964,4.994012601754002,10.945073954303933,10.8
443,12.088315804773464,1.4344144170514181,7.119673775324399,8.983333333333333
444,17.448547760063686,4.503853379317134,15.487317711192812,32.06666666666667
445,9.557844193544177,0.6160974681791989,3.867592664433725,6.966666666666667
446,22.58552689944135,3.5749895137141925,9.497204638079847,11.8
447,20.264538321721567,6.287981525455176,18.61768995363221,28.73333333333333
448,12.202954569214766,0.7136090786160386,3.508703115635501,1.65
449,41.29218609761356,1.17446804084312,1.706571850761368,2.5
450,21.25706342857236,1.8527805500364039,5.229642061130656,5.983333333333333
451,15.248890079385323,1.8831768520665435,7.409759696329795,11.133333333333333
452,25.313281731919904,8.81804495169639,20.901386975621307,23.4
453,14.052184701854728,1.0217391243946248,4.362620387105075,7.633333333333334
454,26.89076950381415,4.53194886214512,10.111905934493205,42.78333333333333
455,14.454899337221976,0.8244156319470484,3.422018843773516,5.483333333333333
456,14.426710216677227,5.506669228142133,22.901974790246122,37.5
457,8.199828133915972,0.5180703936409133,3.790838431098919,9.95
458,13.62786591516643,0.7251165302797826,3.1925021927584494,6.816666666666666
459,13.50756752527697,1.5242407292194213,6.770607926410497,8.3
460,15.645531770588764,0.7607298780516232,2.91736921137451,2.15
461,21.361770203460694,1.6278562756422352,4.572251063851954,8.55
462,13.468302678206598,6.31047183045867,28.112548319855353,27.716666666666665
463,14.182344883948026,6.460226114492,27.330710826827506,27.9
464,16.861987210344573,2.4172499140901,8.601299066128412,16.95
465,10.385273868414288,0.9110666773066453,5.263607039257145,6.283333333333333
466,13.42926094430695,4.802808370562451,21.458254734108056,45.016666666666666
467,14.714934057497125,4.237455189705077,17.278182177973672,24.25
468,12.261230267822889,2.114598410485917,10.34773035476832,11.283333333333331
469,42.3228290228207,4.657933288955834,6.603433744626455,3.816666666666667
470,13.976776460924393,1.2617417362610766,5.416449521627226,21.916666666666668
471,19.293397490639645,5.424312057842888,16.86891713232324,25.5
472,25.090624457474537,0.6680502054141697,1.5975294832851157,4.833333333333333
473,28.425195989894753,10.38748160184749,21.925931357954976,47.3
474,15.165704396482184,8.584018011377236,33.960907269305764,36.86666666666667
475,11.936229573807411,0.6776565772408658,3.4063851053664376,5.45
476,13.957428388213382,2.485871999095468,10.68623214801393,26.883333333333333
477,13.727721619064374,3.7942914499440175,16.583777943200836,40.03333333333333
478,23.6658073567404,0.9715543231535388,2.4631849026105366,2.466666666666667
479,16.208508003402095,0.5331570339936674,1.9736191654966395,4.15
480,11.616804879701808,4.186057356431328,21.62069897762859,20.58333333333333
481,22.124279946007924,8.092357284786706,21.94608991895408,45.583333333333336
482,13.64773623769956,7.979036486110793,35.07850538935559,46.78333333333333
483,22.31914548788382,7.31893198680408,19.675301612538632,20.416666666666668
484,13.634264000097241,0.6226759244529679,2.7401959846832664,11.616666666666667
485,16.41962821227054,1.4591348333319003,5.331916707741806,3.983333333333333
486,31.317154906510375,2.444778987627949,4.683910134735226,4.816666666666666
487,17.48545756754554,7.868000397247745,26.998436958898026,38.68333333333333
488,20.078575399366905,3.0275070403735502,9.04697762711495,13.283333333333331
489,22.855882550497185,3.980405387335036,10.449140290796034,14.516666666666667
490,13.689969583604638,1.3168957121793585,5.7716521755745775,3.1666666666666665
491,15.278200552454818,5.471397227577789,21.48707451035001,26.05
492,11.590253373517056,3.4300376894055655,17.756493730721896,15.133333333333333
493,18.6707294806043,2.9515225179754854,9.484972253628161,12.15
494,14.703313597560172,5.938800158517886,24.234537823514913,44.333333333333336
495,22.245100348309087,0.8939890296484078,2.4112879213413727,16.766666666666666
496,33.80576544968084,6.946969147107828,12.32979473418209,26.78333333333333
497,15.950623485587812,2.7009182493147335,10.159796894792791,18.75
498,40.446589597742815,1.2175090518772476,1.8060989526966584,2.15
499,28.815431357163476,1.652572012737891,3.4410146263392245,4.65
500,15.340616954196152,3.996922811015551,15.632706909831018,14.1
501,35.048363446234774,0.5218215637042841,0.8933168554442329,1.35
502,46.05396558208805,1.8937695565669606,2.467239725349747,1.9833333333333327
503,13.15343568661357,4.963355120320826,22.640571962679378,27.883333333333333
504,30.47367881184352,1.283880715144578,2.527848488011761,25.9
505,19.062944301532745,2.0210040995537955,6.36104497055462,8.3
506,15.285709033071052,0.64862605638934,2.5460096943596913,5.3
507,19.411399811064918,2.272570777636379,7.024441719059222,21.416666666666668
508,20.860517437930117,2.611156235166386,7.510330200396442,10.366666666666667
509,14.223987717130482,1.0743252409197885,4.531747055543103,7.466666666666667
510,25.224248816377504,0.9559676780344127,2.2739254238890774,4.816666666666666
511,25.985111465631867,1.3337529001382327,3.0796548290406967,3.316666666666667
512,15.00044711208147,3.327610643079158,13.310045833496828,12.1
513,28.830733601097126,2.5629155926550617,5.333715669082106,6.966666666666667
514,22.596293820344997,1.5220122585804847,4.041403260237604,4.633333333333334
515,21.272260561187238,6.309484514343282,17.79637240582335,18.6
516,18.278998833329585,6.863316979751663,22.52853247269939,26.883333333333333
517,26.401860039290153,2.2629448970308106,5.142694250321432,8.633333333333333
518,20.267449313752987,0.6122955617843875,1.8126471238851913,2.816666666666667
519,12.059666406530539,4.075258548587208,20.275478995241752,25.066666666666663
520,14.86901738105194,6.930561369844348,27.966453433605565,41.333333333333336
521,13.467099164970746,1.8866699296796197,8.405685173479828,10.133333333333333
522,18.130454927387294,1.3592403042104675,4.49820032532303,6.966666666666667
523,15.611422046416207,1.9913992048933775,7.653623861961483,17.766666666666666
524,22.7578785363448,4.921789361482283,12.976049644404466,13.45
525,22.918783534390926,0.8914876202910755,2.333861094206893,2.9833333333333334
526,16.235400417938553,3.086085414702547,11.405023597543256,15.6
527,38.62160717522929,1.9369987490584617,3.009194423634643,2.816666666666667
528,17.86004209608946,5.739747031347844,19.282419382218325,22.916666666666668
529,30.905796117135452,3.593721052222118,6.976790447853134,7.8
530,17.007984088294002,0.5641400506552613,1.990147854301695,3.966666666666667
531,19.80148704704364,1.9561492994835536,5.927279991152806,6.633333333333334
532,15.522626737325613,5.417995706985515,20.94231523569694,41.85
533,21.561460797429916,4.025762451385303,11.202661515026382,10.966666666666669
534,29.67197599866738,12.919837850912463,26.12533358376816,42.35
535,10.526720857355853,1.1246799290053175,6.41042891273828,5.3
536,20.6660816660194,6.933755685264642,20.130828274037846,39.86666666666667
537,20.757400753286486,0.7173859377237889,2.073629390067655,2.316666666666667
538,20.113376786745174,0.5384425524600225,1.6062222415527732,1.8166666666666669
539,8.482968127589416,0.7786002414102863,5.507036426634831,11.216666666666669
540,35.122606231614846,0.5975665071345259,1.0208237450157776,0.9833333333333332
541,20.17424190028959,2.1417461962667734,6.369744767170745,7.65
542,37.36405836683009,3.8710544907070714,6.2162216738376515,6.466666666666667
543,13.079564146745312,1.6588983217874298,7.609878906554663,8.966666666666667
544,16.56448074455253,1.183386028797894,4.286470721469736,4.483333333333333
545,18.843554026721755,3.8803681835895447,12.355529677958375,9.783333333333331
546,24.255384774236806,1.676903650702396,4.148118860147399,4.0
547,13.438168941286769,3.066784197924887,13.692866392694246,18.766666666666666
548,14.939071832397147,0.6473652999455746,2.600022172227673,11.866666666666667
549,23.334092981218124,4.250111708409605,10.92850288673462,13.283333333333331
550,17.117138123640576,3.181470998090607,11.151879391672347,17.283333333333335
551,9.852284381548873,3.1737751132181566,19.32815775696809,16.1
552,12.553016766860772,3.068820371227451,14.668125255734335,21.916666666666668
553,22.125649787336222,3.548529272719824,9.622847618470894,12.266666666666667
554,22.870761228839154,1.9992336128115158,5.244863324331922,9.15
555,28.86997204607514,0.9733706622503564,2.02294064025466,2.4833333333333334
556,31.590075851405,0.7290023137435246,1.3846164545586581,2.6666666666666665
557,15.711336154394898,2.6471209839102117,10.109086679440965,13.6
558,16.751283186071646,4.891021998254741,17.518736722168942,15.45
559,19.6049289561399,1.8723313489310394,5.730185566455705,7.633333333333334
560,15.52687484276503,2.343074317610164,9.054266262867262,11.933333333333334
561,21.509022758489895,3.9180764345661543,10.929580051756572,12.133333333333333
562,14.480397358347652,4.6962404200014225,19.45902575923776,21.9
563,17.251909230464175,5.177087116454009,18.005266712088016,34.21666666666667
564,20.325196840113282,2.85578529513612,8.4302808507124,14.766666666666667
565,15.183119635051881,1.399930677320838,5.53218591819146,4.633333333333334
566,15.389541952050422,2.6420437602385065,10.300672112803829,13.266666666666667
567,27.099220645272286,2.6850339412254205,5.944895559261443,10.45
568,22.337143656722393,1.8764389965268458,5.040319457216175,5.283333333333333
569,42.77688270437229,0.7670356109042566,1.0758646667245673,1.3166666666666669
570,21.039606034338696,5.382195614777831,15.34875398140125,35.85
571,16.12186714329282,2.494556185203713,9.28387325003428,8.3
572,16.223470884970023,0.5565800243913982,2.0584252100098985,4.833333333333333
573,12.491036481396215,0.7755573937628021,3.7253468673375245,18.416666666666668
574,17.347986484208043,2.603644964237703,9.005004586351784,37.13333333333333
575,19.8919999480596,0.5509119350508863,1.661709038274835,2.4833333333333334
576,12.78130079586418,3.5324720493540034,16.582687970994566,21.58333333333333
577,11.831559768901661,6.5698494298394605,33.31690609605574,52.16666666666666
578,21.724220935355003,6.613819670016619,18.266670247087156,17.583333333333332
579,16.97246679899468,3.9790019846325793,14.066318226181235,25.383333333333333
580,20.768163264891136,4.368936657141102,12.622021316233146,30.28333333333333
581,12.19321934436143,0.618649294404608,3.044229470163807,3.983333333333333
582,44.93973458718616,0.5617553471690797,0.750011568598701,0.6666666666666666
583,14.562888726078427,1.440369922012591,5.934412941437595,13.116666666666667
584,29.210091216758062,2.0307861362373196,4.171406630333783,3.3
585,21.865635124948344,4.019288922236763,11.029056963410547,16.266666666666666
586,18.30022086754439,4.736745126928386,15.530124454385293,26.03333333333333
587,15.94026213498807,0.7691026535281181,2.8949435599555544,4.316666666666666
588,16.804356067878867,4.882015677847885,17.43125053335335,32.38333333333333
589,8.83711308142495,3.6498698789465913,24.780965312880642,25.383333333333333
590,26.046706980151964,4.11813338604025,9.486343258312855,10.466666666666669
591,37.75447157060517,0.8730748626696171,1.3875043029595064,1.6833333333333331
592,21.162071796454846,5.0383191591046,14.284950568824662,19.416666666666668
593,18.616711065010833,1.3838753626392097,4.46010691514722,11.45
594,20.7911648980451,1.6231195577366393,4.684065272040396,8.15
595,17.188953953814366,2.148664063808524,7.500156447850807,16.45
596,15.613026152700149,1.995432961971213,7.6683390232819875,8.8
597,20.002987747461045,1.3357668843643336,4.006702102391322,6.833333333333333
598,15.990838017802364,3.4837450570249238,13.071529033612329,16.166666666666668
599,18.769725433632637,4.064718739450248,12.993430576773996,14.883333333333333
600,39.22502549629005,0.9033144606347008,1.3817420626841463,1.2333333333333334
601,10.856011884383895,1.048349612799184,5.7941145825782066,15.8
602,14.327143645970759,0.7758825038007472,3.249283414641897,3.8
603,20.620441073869525,1.387526194911302,4.037332246989398,9.616666666666667
604,27.774740638007625,0.9805671597822838,2.118256669026357,4.3
605,18.2296708778374,2.4550970764595452,8.080553158349051,10.6
606,24.233563515278547,1.0989621668917273,2.720925875054729,3.1333333333333333
607,13.829973788135282,1.0320476163229833,4.477438491785323,11.3
608,19.49970557495496,1.0435245345277058,3.210893202001947,2.316666666666667
609,17.844950475854752,8.257911800176736,27.76554122024659,20.616666666666667
610,15.180142603038057,7.07664434105531,27.97066348891493,39.16666666666666
611,20.647983438332798,1.1628641487756217,3.3791120152201635,5.633333333333334
612,17.75964930243251,4.74037295951174,16.015089753588068,23.03333333333333
613,19.07818199400837,3.115035896282427,9.796643822542602,12.6
614,21.40475131511991,3.785211328405337,10.61038628110069,20.416666666666668
615,19.51304230253545,1.1417736485228054,3.510801537209135,15.95
616,12.433269541137417,5.110399284591876,24.661570800906333,38.21666666666667
617,10.068867521241518,1.9739302069176239,11.762575301065633,7.65
618,20.509811739410434,1.3667602604394762,3.9983602320830403,4.983333333333333
619,13.691198701162055,4.3148198392574,18.90916902210108,46.23333333333333
620,16.03617009844382,3.384012249474691,12.661423127968998,21.58333333333333
621,40.902512435818956,0.6968641311330702,1.0222317744806537,1.3166666666666669
622,34.929318532150944,5.763818280309558,9.900825763326948,7.3
623,14.747424482273267,0.6198654200652541,2.5219268116016305,13.616666666666667
624,14.943899384536872,3.2852562112748505,13.1903573226982,14.366666666666667
625,9.117446981447147,1.8058374720803663,11.883836401275603,15.266666666666667
626,17.84286765610335,2.0124256124510294,6.767159801566954,29.716666666666665
627,10.549262719324597,0.8476970568871766,4.82136285411299,7.8
628,7.754019651800966,0.6472067392003845,5.008035328231824,10.95
629,15.737647785099385,1.3176718274793418,5.023642079702397,6.133333333333334
630,18.336939414358902,2.4659318927625034,8.068735475555535,10.15
631,12.134079267270037,0.8456214283768209,4.181387362407126,7.3
632,16.272008623420643,1.9404755310210624,7.155141971451867,6.833333333333333
633,18.02641794065612,1.5251068796504903,5.076239388228608,13.45
634,13.589384239486392,3.048446904302436,13.459536579050992,14.616666666666667
635,14.856740576951484,2.2545614288514555,9.10520615409741,15.1
636,8.628247844868737,1.2487238918938508,8.683505024509513,11.616666666666667
637,31.165683929018947,0.5432065758402957,1.045778254847485,0.6833333333333333
638,22.089372027784925,7.939972431258488,21.566857820868595,47.41666666666666
639,14.7854566212775,2.246385782830473,9.115927253532652,18.1
640,19.207363529043835,3.5759117948279293,11.170440303545217,28.23333333333333
641,14.27735826383292,3.7871589541165904,15.915376853896573,15.616666666666667
642,17.344302048049492,1.669897467317236,5.77675871657815,18.1
643,25.731677685304383,10.53601747855933,24.56742449694966,37.35
644,17.803187205088044,3.958105261351302,13.339539316488565,36.7
645,12.503137963626788,1.6430440718374673,7.884632209693074,6.666666666666667
646,15.095422063214368,3.694142064663117,14.68316175272213,17.933333333333334
647,16.572960582080665,3.8279345418212425,13.858481794593136,13.616666666666667
648,28.512829909148042,0.5288355826392517,1.1128371003319744,7.316666666666666
649,25.17204944448391,4.179006897524607,9.961064727942624,37.85
650,26.984079230101774,1.8961619937794298,4.216179424045395,5.0
651,31.261818260899382,2.7378902124012994,5.254761939088566,7.966666666666667
652,19.758061947574987,3.5449895306674284,10.765194096688791,16.283333333333335
653,15.242230691479946,1.8785578900809026,7.394814819845128,11.466666666666669
654,19.4079828969949,8.828321277812181,27.292855701699356,34.03333333333333
655,10.808388905376406,0.5466251469054171,3.034449361644509,1.3333333333333333
656,24.98807221151627,1.175213574253316,2.8218589196609445,4.133333333333334
657,32.89382914960796,6.669197295001773,12.164951543954729,19.6
658,17.763030650619093,0.654271388215009,2.2099991867959954,9.133333333333333
659,25.86228977056003,1.6134809775464423,3.743243908858663,9.95
660,8.473870792418799,0.9222189047602941,6.529853433111321,13.95
661,12.986392274419757,3.2618675354185775,15.070548308526222,34.36666666666667
662,12.769923697983533,4.677903478704507,21.979317602860146,46.81666666666667
663,19.8738715892934,3.807015699907934,11.493530134185463,28.816666666666663
664,21.14321843687463,1.8095571630016225,5.135142036405436,10.616666666666667
665,22.089510949954985,5.270038266894902,14.314590156842677,18.766666666666666
666,10.810209853088697,0.5264841682195291,2.922149571790793,4.816666666666666
667,13.222652364369964,1.2732730806869756,5.7776898867187825,4.666666666666667
668,16.25837516612207,9.401907855873574,34.69685411909254,41.48333333333333
669,26.959919108644314,4.2559896882722805,9.471815559508096,9.966666666666669
670,14.575336127398158,1.1934201392010386,4.912765491387989,3.3
671,24.324270391864285,0.7220885299612168,1.781155656457592,1.8166666666666669
672,9.258280965004733,0.9964074565587104,6.457402580403549,10.15
673,10.68209023558161,0.8364809824335544,4.698411812590406,2.316666666666667
674,23.7439195197863,13.481980525662706,34.06846249060411,43.68333333333333
675,23.36569946048627,0.7981833572218087,2.0496284099817763,3.983333333333333
676,5.587603465231663,0.6498515329341955,6.9781422784687805,7.133333333333334
677,24.986412921418676,10.057954383642464,24.15221684346853,26.9
678,16.889486703166135,7.871521749827754,27.963626917159576,59.9
679,14.554521036295528,9.410961103936948,38.7960321626589,59.78333333333333
680,15.178128837060196,13.843933381861715,54.725850058905294,59.86666666666667
681,13.267784799586074,8.484748750010379,38.3700016762787,59.93333333333333
682,18.96154936336972,10.999526544694257,34.80578406512503,59.8
683,18.14025698596497,9.153902440083307,30.2770874100592,59.85
684,17.574254260849134,17.500405828366457,59.74787516538716,59.766666666666666
685,24.760242066497625,3.4178144898005995,8.282183543977093,14.1
686,15.662816369122678,8.552870775113291,32.76372744294274,59.81666666666667
687,21.912369992346,9.765501367877784,26.739694623508665,59.95
688,30.185110836410384,8.256462574281283,16.41165928267264,17.433333333333334
689,23.41231991686648,11.813482245496148,30.27504054474907,32.55
690,15.708722841597115,7.466638534599287,28.51907927802035,58.5
691,12.545462998590848,7.413312055138361,35.45494680891913,59.98333333333333
692,26.817786742271746,8.765647240217723,19.611567481967036,28.4
693,19.184962252045676,10.124073793981808,31.662529206912417,59.75
694,17.963473593805574,10.294300479909909,34.384108706435505,59.8
695,28.481040726394905,10.023604980023466,21.116373680967467,59.833333333333336
696,12.040328143354424,6.413257225061316,31.95888259208817,47.15
697,15.296327960974033,10.820399292970073,42.44312486203149,59.93333333333333
698,16.845338547022287,9.809265188494974,34.93879981496342,59.93333333333333
699,16.090302211478313,10.229348983136791,38.14477384709218,59.91666666666666
700,16.691499783515894,14.418523788075833,51.829460414271,59.95
701,18.28797938258365,7.197856244553627,23.615040548684423,59.766666666666666
702,24.56563169035398,11.646476662223693,28.445781836247672,59.96666666666667
703,24.41122423042169,16.540218274908742,40.653966680530594,59.95
704,25.592433332653417,14.149610530067568,33.172954707704314,53.66666666666666
705,21.988396260640013,4.387573563802518,11.972424487336784,17.483333333333334
706,19.086991944771512,16.475364320900216,51.79034297883686,59.75
707,17.71489653301453,14.860973677007912,50.33382040695113,59.78333333333333
708,30.644635647438193,9.63339303219637,18.86149303850841,17.933333333333334
709,25.712672147711277,14.359105922512718,33.50668302389764,43.833333333333336
710,19.764671520244903,15.423381931990257,46.82106226615137,59.86666666666667
711,16.961188774332218,7.6881084714574035,27.196590665008127,57.93333333333333
712,20.379654035128713,7.146451013969918,21.039957798061167,36.6
713,16.967449659979884,9.803352594010944,34.66644471785361,59.8
714,14.402669944017768,8.42143073191943,35.08278991875664,59.78333333333333
715,28.728169636830966,7.202246113676208,15.04219629316564,60.0
716,23.819021855997903,7.124747432053012,17.947204066884684,59.75
717,12.72716209973207,8.358603247520177,39.405186397505574,59.766666666666666
718,16.99908725808877,8.860202013285859,31.27298029158545,59.81666666666667
719,21.748291911099237,11.009950512729706,30.37466268450474,59.93333333333333
720,14.680016301919336,14.143500436539318,57.807158298687156,58.43333333333333
721,14.604126094249017,10.149369844974776,41.697954863474564,59.81666666666667
722,22.712533646378084,11.155040446690363,29.46841762447555,59.91666666666666
723,25.303305605213016,12.563945366336148,29.792025348058182,59.73333333333333
724,19.944024961345402,13.671546369201765,41.129751077927345,59.86666666666667
725,27.491402757442454,11.095596503386373,24.216144809960813,45.98333333333333
726,16.123602393323036,10.620933054860096,39.523176505239334,59.78333333333333
727,16.76916617949076,7.236570793476264,25.892417247293405,59.016666666666666
728,22.283492608145202,17.056996689059797,45.927261912681544,59.95
729,31.270641474704615,13.64685508807897,26.184666085186944,47.48333333333333
730,12.782378943666563,8.375873329926645,39.316030451796635,59.91666666666666
731,12.117726874583594,7.208318168086825,35.69143739263158,59.766666666666666
732,16.92771412589663,10.948107347408332,38.80538364241225,59.91666666666666
733,18.488802694305342,12.312153653223183,39.95549259773992,59.75
734,17.957885070881247,7.765008557604384,25.944063658794754,59.75
735,15.422913325250912,8.553861339968156,33.27722004102877,59.91666666666666
736,13.543645861901343,8.45151063706868,37.44122102679759,59.766666666666666
737,15.562667285447986,13.137680755779625,50.650754840967906,59.766666666666666
738,9.08228098990521,9.068437009063482,59.908542925348065,59.7
739,19.739881919145997,14.598376959846144,44.37223186939219,59.93333333333333
740,15.191527608807208,10.370917006115471,40.96066152071364,59.91666666666666
741,19.452263850528915,11.342771091895436,34.98648130331737,59.9
742,19.617120444073883,20.370134013474367,62.30313181248157,35.53333333333333
743,21.379638173688534,14.786315991833186,41.49644406058394,59.95
744,14.639235939220114,10.297237355000838,42.20399506266613,59.91666666666666
745,14.18530201227953,7.434282661375392,31.445009721780586,58.45
746,16.99285553781896,10.729774921664283,37.885715786087786,59.833333333333336
747,26.641255437184935,16.327604307584604,36.77215065051725,59.93333333333333
748,17.783717103009124,14.823064034532992,50.011133044929615,59.85
749,17.7837786015695,7.825487596682762,26.402108703688402,59.61666666666667
750,37.5571150603715,1.5850297238236397,2.5321908585509356,2.65
751,13.836824988158684,7.646231078264794,33.15600689381404,59.8
752,16.394727529014794,9.110224272938682,33.34080761079708,59.78333333333333
753,26.575164060119363,19.072395685077446,43.06064634317471,54.63333333333333
754,27.65131165679239,20.339765417308715,44.13482948606316,41.65
755,15.018559311533723,11.173401179954096,44.638374220248885,57.93333333333333
756,28.172500059444232,7.536272439950978,16.050274041812493,18.1
757,25.636158526228268,6.053169882422781,14.167106689318846,16.933333333333334
758,16.061900149399687,15.32831692390579,57.25966460255458,59.93333333333333
759,13.467775891488579,9.52833848389807,42.44949675730718,59.78333333333333
760,14.26923373686464,9.867585233939518,41.491724429938635,59.766666666666666
761,14.326685135457288,10.159838310991743,42.54929126283526,59.7
762,12.989176882663612,8.418205039745763,38.885628161618314,59.766666666666666
763,14.20920845947893,9.601486764409291,40.54337069565967,59.766666666666666
764,17.055038028595444,8.280199608479695,29.12992487473781,59.766666666666666
765,20.937354955958796,10.90580303761476,31.252666997970408,59.8
766,19.59746452835979,13.381417128172451,40.968821580387605,59.91666666666666
767,18.854578578748264,11.891000674975599,37.8401478197293,59.73333333333333
768,16.077884459453095,7.691170267853335,28.702172679184525,59.96666666666667
769,25.09136887118964,10.041806643151691,24.012575865516546,41.13333333333333
770,26.380760193557947,14.732661269790936,33.50774085741907,54.61666666666667
771,31.37380672476785,11.999503250113671,22.948129990182046,42.45
772,28.882644394561353,8.234376151129283,17.10586338004389,59.93333333333333
773,22.6509081392298,12.333985659223229,32.67149974758396,41.516666666666666
774,19.72048762133855,17.870458283967455,54.371246676367356,59.95
775,28.839984707443893,1.7771090630878223,3.6971775424606226,6.15
776,12.129288016423008,10.249001808693217,50.698780314967095,59.8
777,15.812238230677288,14.096634656235281,53.490092106833174,59.95
778,17.526400148342553,9.72402814486806,33.289305490794625,59.86666666666667
779,27.02674749451835,9.847537836768964,21.861760107315035,59.766666666666666
780,18.1904428821909,10.873990799295424,35.867155746740345,59.8
781,19.693193337699142,12.392695214927945,37.7572951295948,59.93333333333333
782,17.202776473221906,12.95512927872097,45.1850175425593,54.6
783,15.397131554814019,9.375597126028618,36.535105617502914,59.95
784,15.81111122631145,10.53968839869414,39.99600628128499,59.95
785,15.139633055597505,8.382928244256181,33.22244950113953,60.0
786,31.39802432350894,1.3341519856453097,2.549495417735015,15.933333333333334
787,19.915132910602573,14.412878274760226,43.42289355373667,59.88333333333333
788,20.862021926737288,8.192504464973611,23.561966794236447,58.3
789,28.70376238750091,7.810267688737704,16.3259455327822,58.43333333333333
790,25.557581772325996,20.14718220265211,47.29832982352269,53.13333333333333
791,26.3348667678933,16.42381145163977,37.419163566826626,59.91666666666666
792,23.99520390814178,11.747703163710291,29.375128151482457,59.9
793,15.60357036962392,7.76562253252545,29.860944701386128,59.766666666666666
794,16.552515191563337,9.055716562894583,32.82540372176259,30.216666666666665
795,29.97172172005121,15.486150098454361,31.001522521331953,59.86666666666667
796,15.779387399719035,11.83777765859458,45.01230887634597,59.86666666666667
797,16.511626962327018,7.773793117753369,28.248432945427176,59.93333333333333
798,23.16768381817937,9.017004335813066,23.352367219560062,59.766666666666666
799,17.16590961987035,13.194056013808366,46.11718099180351,59.35
800,27.81376212646515,14.671851465715458,31.650198342111374,57.43333333333333
801,17.38323440068871,8.55836406769867,29.54006327163003,59.78333333333333
802,12.092332290550464,8.667829543552397,43.00822704149072,59.75
803,14.555835166605474,7.438181702384334,30.6606180294592,59.766666666666666
804,17.114344915986024,13.717725533292697,48.09202666172524,59.78333333333333
805,13.28464079128802,9.610563269468349,43.40605103498573,59.85
806,29.046727484208184,7.943165428504838,16.40769776799805,19.933333333333334
807,14.495611996037294,16.408325334853593,67.9170717566358,59.78333333333333
808,20.437305170835657,8.824638221477171,25.907441752359986,59.8
809,15.602201522621302,9.281331684537015,35.692392529657596,59.93333333333333
810,26.562867724679517,8.63396658027731,19.502336878157564,59.91666666666666
811,18.246327135685544,11.342520656519255,37.29798519616348,59.86666666666667
812,33.113053472690446,7.429091140522336,13.461321795616428,49.7
813,13.829853029941132,7.975424190775839,34.60090648906825,59.78333333333333
814,12.243024026405052,8.172483130287556,40.05129670248925,59.833333333333336
815,18.162946516749468,9.14022021629475,30.194066390712017,59.81666666666667
816,17.062446819848944,11.33743422099084,39.8680248174085,59.88333333333333
817,29.093281348921305,9.053666865878656,18.6716653043628,12.95
818,15.083146240779177,8.547267648738568,34.000602443129374,59.833333333333336
819,18.780510915734393,15.069404048307671,48.14375109150772,59.766666666666666
820,32.20202166414815,15.165954761411772,28.257768880945747,47.63333333333333
821,21.28870931996233,14.239556082828601,40.13269908141279,59.75
822,21.402596547718503,14.108086476580795,39.55058381386357,59.96666666666667
823,20.465819541508534,13.369877432049456,39.196702790033385,59.71666666666667
824,18.90990351210212,8.985813951505753,28.511453627740416,58.78333333333333
825,17.17690831687363,8.295592048963677,28.97701459166975,59.93333333333333
826,21.22768040073492,14.33410112580282,40.51531073166118,59.766666666666666
827,16.191027078189734,12.806798711229066,47.458874533588705,59.766666666666666
828,17.166708308046147,7.724526595495842,26.998279892279545,59.78333333333333
829,13.529850011381058,8.30699601978573,36.838528200082216,59.85
830,15.393425350611544,8.03855131897546,31.332407709981613,59.766666666666666
831,21.622580637944427,16.396427592523665,45.498068524948486,59.8
832,25.37533484731518,8.212612852533054,19.41872980659875,59.96666666666667
833,17.253332607408385,11.406819584959097,39.66823051934142,59.86666666666667
834,21.890162845153785,2.1704840226422566,5.949203862929075,9.633333333333333
835,16.184352601606932,9.258636140329136,34.32439851592155,59.95
836,23.2736181550857,11.52019462632844,29.69936487630585,59.93333333333333
837,19.604612916976244,7.695243347115372,23.551324516441195,59.85
838,17.350177902979386,10.05190404843444,34.761271398980824,59.95
839,23.56038387191544,11.79386596831422,30.034822944560254,58.78333333333333
840,33.46545314587308,8.121095211494126,14.560260414395035,18.416666666666668
841,20.886713706959465,8.229542502693377,23.640509325173415,59.78333333333333
842,25.395302820529285,5.643675598001411,13.333982991781754,18.28333333333333
843,16.571391893248354,8.984148297758647,32.52888479966142,59.85
844,22.12070446052696,8.796724953844462,23.860157716608924,59.78333333333333
845,21.12335187499419,7.723710637319356,21.93887792911128,59.833333333333336
846,19.309720816658427,7.257956827656279,22.55223748671146,59.93333333333333
847,18.50332952567236,10.52098714839842,34.11598047951681,59.8
848,26.868683424542834,8.329470891005109,18.60039978750131,59.833333333333336
849,23.896052569239107,16.472062870494426,41.359290174223766,58.61666666666667
850,20.353484546708895,8.535436259853709,25.161596994163443,59.93333333333333
851,12.962791268439577,8.398403274415285,38.873124316347614,59.91666666666666
852,17.832348584585155,7.857958051526362,26.439449680741532,59.93333333333333
853,26.6850400432051,2.4536660907712844,5.516947518456663,23.0
854,15.204310036282116,10.865077146818845,42.876304630298094,59.8
855,16.932705436635306,7.860526583095143,27.85329236078806,59.766666666666666
856,22.992813458014652,8.614143582071929,22.47870256800421,59.95
857,20.07080758049754,17.31872321229755,51.772874039585304,59.78333333333333
858,23.83323530676569,9.115159749680561,22.947349696395563,59.96666666666667
859,16.20775939240574,10.107631655780885,37.417750638068654,59.8
860,18.861625805730775,10.848544423226532,34.50989178227804,59.95
861,14.617826579316695,7.805219241810741,32.03712617382382,59.8
862,13.619616414140786,7.751292785012954,34.14762596528805,58.45
863,26.967663461785264,16.484165743517096,36.67540371128432,55.78333333333333
864,17.116152206257812,13.527375585175651,47.41968436187402,59.91666666666666
865,26.104242280288336,10.956578495098263,25.183443466669914,22.816666666666663
866,18.92343866324387,29.875871272415694,94.72656150104068,59.88333333333333
867,11.32139185610662,15.42478239279267,81.74674592403264,59.833333333333336
868,17.772574690446532,13.52940361872104,45.675105113476775,59.93333333333333
869,16.664949344606857,9.76474947087699,35.15672061986943,59.8
870,17.372725756443785,10.509562641132412,36.2967658217972,59.766666666666666
871,22.06713063516011,7.687630501984609,20.902483324412955,59.766666666666666
872,13.32267658417895,10.156528556299257,45.740937230407965,59.85
873,13.144591850619067,8.39141174802847,38.30356321470686,59.81666666666667
874,15.58670961104055,9.149362030027032,35.21985945082183,59.78333333333333
875,12.677484362377202,4.285175558385321,20.280879562048028,43.61666666666667
876,28.19855380327571,9.10718713290216,19.37798767221363,59.88333333333333
877,14.24525452481381,7.6579005421205935,32.25453302549827,59.766666666666666
878,18.570070817112015,8.0030052934836,25.857753712308828,59.78333333333333
879,32.06449852930347,7.087159095416835,13.26169331282061,60.0
880,21.126878830001406,8.345507152625313,23.70110763575982,59.95
881,25.52320755381497,17.19740343215465,40.42768542134308,39.36666666666667
882,18.33440770927112,12.773306353741514,41.801098425281985,59.75
883,22.690588541841258,13.79315069331267,36.4727887102925,58.28333333333333
884,26.400290943174127,19.303039712538435,43.87006132793236,57.45
885,14.572011707869192,8.3433228510122,34.353484000455325,59.81666666666667
886,21.154714185603464,17.096491458389966,48.489876937287306,58.583333333333336
887,12.540137528294656,3.4125791501218368,16.327950833498953,33.7
888,20.213434176322576,10.616089021743509,31.511980386328073,59.78333333333333
889,33.214297904887744,6.992664173216819,12.63190483792426,16.1
890,16.053504219940354,7.044335416581862,26.328215896309903,59.833333333333336
891,21.316451950796143,12.949156994720152,36.448346163639634,59.9
892,13.83373163112906,8.552271052638666,37.09311969039836,59.78333333333333
893,14.839271712140006,10.779681080314054,43.58575524226785,59.91666666666666
894,26.89201506358311,12.138839313873008,27.083517434834327,59.98333333333333
895,19.742665505604293,6.45845085084934,19.627899330055502,41.0
896,13.300770254932363,13.862309878213278,62.533114755843606,59.95
897,15.567143618494569,13.365821595810099,51.515506980731445,59.7
898,27.72957887617412,9.037885306630178,19.555764651865807,59.766666666666666
899,15.63571952439479,10.79128022948408,41.41010669568829,59.8
900,25.245823339044314,7.477813409914638,17.772001275988597,20.766666666666666
901,14.733431579358452,8.836925615144127,35.98723990760441,59.75
902,24.115969313951975,5.75422545395352,14.316386073582757,25.566666666666663
903,23.031360757931107,7.125359654916459,18.562584459876764,59.88333333333333
904,13.617800895177867,7.233502674571056,31.870796453482335,59.766666666666666
905,20.594046610826233,14.130843986702658,41.16969604004134,59.93333333333333
906,26.281153459246326,13.530471533253777,30.89013171564608,49.63333333333333
907,14.843605108478721,12.52932443338835,50.64534259092444,59.93333333333333
908,17.14102054456239,15.550523001560752,54.432662143306786,59.766666666666666
909,22.922429194193427,13.618656356483013,35.647154778690236,59.88333333333333
910,15.451053773079645,10.602954161896632,41.17371274846049,59.95
911,22.123841536830955,11.78678991027777,31.965849757119866,59.86666666666667
912,21.707155154516265,10.892549856502779,30.107721934911968,58.48333333333333
913,15.446613718217863,1.2807177527853766,4.974751526057342,5.766666666666667
914,11.54542014949444,10.635460801275672,55.27106331461511,59.86666666666667
915,21.99611498539976,12.838528656142367,35.02035336148441,59.91666666666666
916,16.137532937490978,13.961215280887933,51.908362951017175,59.78333333333333
917,19.063365372084377,12.483620229817507,39.290922624075655,59.96666666666667
918,17.125273008983335,7.680071150342957,26.907849514507312,59.91666666666666
919,14.788766907267165,10.624851450633303,43.106439572371414,59.766666666666666
920,29.297713025618393,9.997525164297786,20.474345875848645,19.75
921,17.621012293530637,8.185875956242255,27.873118138329463,59.78333333333333
922,15.53569276178049,8.023533392858575,30.98748224191462,59.78333333333333
923,26.42053108585013,13.29356624158257,30.189172651496285,44.66666666666666
924,16.24727256202564,9.252641893668917,34.16933589934927,59.93333333333333
925,17.61839695844404,12.599279389201783,42.907238674163054,59.85
926,16.574836829566877,8.074352437054664,29.22871284977467,59.91666666666666
927,11.296818012374713,8.384660306855228,44.53286030280671,59.766666666666666
928,22.155476883646656,8.145427342495429,22.0589086444112,59.81666666666667
929,30.068925867532748,6.91969659794256,13.807669675518763,20.416666666666668
930,17.433665230166994,6.994581790197534,24.072672147314837,59.766666666666666
931,24.064765069156227,7.608124043854872,18.96912109133247,59.93333333333333
932,13.954394938910776,14.54530811761209,62.54076159355472,59.93333333333333
933,17.29670607782707,12.04021093100426,41.765909220503445,59.95
934,28.30870338540554,14.862030928680413,31.499918720422535,59.95
935,12.170388381587111,9.323274202613527,45.96373054151145,59.95
936,26.25600251929499,8.547558149219691,19.532809252904972,59.8
937,13.983525293187329,7.615721737182382,32.67726089454441,59.78333333333333
938,12.948844758769988,9.155978097390669,42.4253048111779,59.78333333333333
939,14.35408605222975,12.237253384759008,51.15165120328125,59.78333333333333
940,17.48115076524578,13.060156269987745,44.82596064311487,59.766666666666666
941,17.191956865414348,10.165163594778688,35.476462654097155,59.81666666666667
942,21.87982349875778,8.549017779915888,23.443565110297865,59.78333333333333
943,19.067983965517385,12.185259942631372,38.342574541704806,59.95
944,15.934260529186961,12.805613563632521,48.2191697826567,58.78333333333333
945,21.16165028660926,7.121170499730128,20.190780217844218,59.78333333333333
946,17.56884960560517,8.770002487670222,29.950745841226528,43.31666666666667
947,12.632120269415514,8.19374135431029,38.91860358936915,44.016666666666666
948,17.68991497968859,9.893934843399158,33.55788262891921,59.96666666666667
949,19.655806053502,1.5569185275366668,4.752545451350574,26.883333333333333
950,17.06426087636584,7.654685211465784,26.914796721377815,59.88333333333333
951,21.829829723802277,13.458557765507717,36.99128560082107,59.73333333333333
952,18.33814226376678,13.138432257087873,42.98722979060088,59.95
953,24.48348643969873,10.82456287354378,26.527013381539405,35.36666666666667
954,14.75550515032413,10.556604141862442,42.92609721313627,59.85
955,18.223802241193237,9.07845634218418,29.889886496890846,59.95
956,15.430130246674041,10.600698720035556,41.2207747461647,59.75
957,12.74843485980323,7.572228759949067,35.638392523735774,59.88333333333333
958,26.432627888509163,13.332481648799176,30.26369161258104,52.98333333333333
959,26.53647480264674,9.363171032023782,21.170493296471847,59.8
960,19.903890814243173,10.68273437373188,32.202953101272065,40.21666666666667
961,22.74902500922665,16.06124984274587,42.36115570552587,59.95
962,15.859943921735619,7.741789505064445,29.2880840308188,59.9
963,27.86773314698142,17.247370935975916,37.13406650984266,59.93333333333333
964,30.17517118534672,10.997992000080805,21.868294166473213,59.86666666666667
965,15.326041678020662,9.819620125414357,38.44288172397511,59.93333333333333
966,16.041785990160342,14.02844079171935,52.46962202459527,59.95
967,19.44584013930377,7.724556199902987,23.834062641367225,59.78333333333333
968,15.581983106249691,8.58958385865912,33.07506034407381,59.8
969,25.691029042712806,17.27123294356298,40.33602448897294,54.96666666666667
970,26.05730872836926,12.984936160874621,29.899333725292028,59.93333333333333
971,25.289574091471287,13.191531297639015,31.2971612331449,59.93333333333333
972,20.07235183825005,20.13204843653446,60.17844425635462,37.516666666666666
973,25.043028984804984,13.363675854930907,32.01771446187137,34.2
974,13.460675245083358,7.726195221010196,34.43896422877714,59.91666666666666
975,21.031857702575664,7.353338549118644,20.977714816560738,59.75
976,17.36507765336312,8.010194609498704,27.676909148565855,59.583333333333336
977,26.862385535117998,9.214181039676557,20.58085502710975,59.71666666666667
978,18.18073329145892,12.640393900117667,41.715789008541144,59.766666666666666
979,14.281951291642343,13.40050377002866,56.29694498903873,59.85
980,14.784022225802111,10.39030031378426,42.16836320355518,59.766666666666666
981,29.707966300457347,7.145766313281404,14.43202050455685,59.766666666666666
982,25.301753397796936,9.748069699347447,23.116349794626235,23.73333333333333
983,15.96967441331249,9.510935798544677,35.73373715352491,59.28333333333333
984,20.77825834706014,9.423324717479309,27.211110460023484,59.95
985,22.182741488566027,11.599841950206006,31.375315687247443,59.95
986,13.915379247024289,7.6228018791083265,32.86781514375936,59.93333333333333
987,16.278514249465854,9.355011904814312,34.481077676193735,59.8
988,16.303330226434223,10.741696008744405,39.53190860844302,59.91666666666666
989,15.337135324669308,9.929022123975345,38.84306389865969,59.833333333333336
990,16.648234693079242,7.72203119040634,27.83009009459638,59.9
991,14.645210870649564,8.931716671592103,36.59237173358345,59.88333333333333
992,14.720790276246541,12.087198580404948,49.2658275279236,59.93333333333333
993,33.5182274051231,6.445834947608334,11.53850089331953,14.716666666666669
994,13.723538777908365,7.415562672359129,32.42121201696062,59.78333333333333
995,15.11887722309021,11.877843435925682,47.13779969501434,59.95
996,12.123680759717235,11.270912756833274,55.77965791189053,59.93333333333333
997,16.517391636765087,13.356610547893428,48.51835268528865,59.75
998,20.730142339270092,10.903691911430595,31.558949474578032,49.96666666666667
999,22.11253122280737,15.075033119637816,40.904497909553875,59.766666666666666
1000,10.710750050500593,8.334228437243132,46.687085766810206,59.8
1001,12.096405553192417,5.455905481460563,27.062115886255175,43.81666666666667
1002,21.03977648970727,11.80323085528211,33.65976115114044,59.9
1003,19.113630608886343,7.938584466031844,24.920177527154962,59.78333333333333
1004,19.498014639528677,10.057258910639945,30.94856300984824,58.43333333333333
1005,14.912906184003146,11.249548195803301,45.260989603235856,59.766666666666666
1006,16.495887211980687,7.836315279447338,28.50279652890432,59.55
1007,12.135863342281374,12.277106432612081,60.698309232794095,59.95
1008,18.921821212936912,9.240602808827697,29.301416723596983,59.88333333333333
1009,15.31781946034209,10.049368993502739,39.36344472339788,59.81666666666667
1010,13.41238979503197,10.39764311880661,46.51360396336509,59.86666666666667
1011,25.831733167537866,20.392354224013424,47.36582115900767,51.45
1012,20.61507226788445,14.00027673059675,40.747691442461715,59.8
1013,13.414427515771854,9.557269333804305,42.747717661006966,59.93333333333333
1014,15.969876658066703,8.837129612330056,33.20174526657817,59.88333333333333
1015,21.416524109855583,12.062712259368654,33.79459392427989,59.78333333333333
1016,31.594971641524555,13.696440235537445,26.0100380356788,58.48333333333333
1017,17.388813545583908,9.074723289570738,31.31227992909972,59.85
1018,17.292062184154776,13.812634608479705,47.92708166803828,59.86666666666667
1019,16.74456288619644,9.20223452363996,32.973931608185204,59.78333333333333
1020,37.17772506765808,7.101379266998805,11.46070006286074,16.433333333333334
1021,17.70503133662235,12.936413941797833,43.839788913694484,59.86666666666667
1022,20.556955512806454,14.824756760286645,43.26931607470144,58.43333333333333
1023,23.861751637614507,11.735176881742538,29.5079180941028,58.266666666666666
1024,17.01347130654016,9.946698997891096,35.078199452691855,59.91666666666666
1025,13.01766780382381,10.0773069282575,46.44752230640296,59.91666666666666
1026,17.438738594756217,8.567855602821954,29.478699584607405,58.78333333333333
1027,17.03847283777707,9.283832605450215,32.69248139962325,59.766666666666666
1028,16.539961891587726,9.501693539400701,34.46813336698179,59.766666666666666
1029,21.644669351171764,10.099368770766867,27.99590589325438,59.78333333333333
1030,29.287498917005603,5.819187716439569,11.921511767727003,13.616666666666667
1031,14.55649001783629,12.311249024102365,50.74540225981897,59.91666666666666
1032,29.29331031967789,6.50311339084792,13.319996927379211,34.36666666666667
1033,20.382974432523426,14.089832275033226,41.475297891414456,59.766666666666666
1034,15.257443934218427,8.131606939616958,31.977598507361666,59.85
1035,14.759894697414135,10.818076788452274,43.97623564488255,58.46666666666667
1036,24.644380358723062,1.6502630119010533,4.017783335299637,4.633333333333334
1037,20.16610697609326,10.609107551584529,31.565162966242905,42.85
1038,23.239428033436855,17.218204307833084,44.45428936476291,59.766666666666666
1039,14.65198250927086,7.513448415054566,30.767638755917943,59.93333333333333
1040,19.615238683518626,10.320277435494617,31.568142306112406,58.516666666666666
1041,18.55645866129111,7.471539717653967,24.15829395262679,59.833333333333336
1042,23.205067418088547,15.757583497309417,40.743471794508764,54.13333333333333
1043,14.672697769611958,12.155132512199975,49.7051027822872,59.93333333333333
1044,20.144316876111166,11.551594787173714,34.4065123425632,59.93333333333333
1045,12.5652754070857,7.751320971291012,37.013057271725,59.95
1046,18.074867052743162,9.114385745000423,30.255444928267387,59.86666666666667
1047,19.45976953084358,11.17125731895724,34.44416122580759,59.833333333333336
1048,24.666702359794275,19.75047249092898,48.04162032567787,59.93333333333333
1049,15.899321453489232,11.36143832440184,42.87518190372263,59.86666666666667
1050,26.354183834364793,9.840109482686675,22.40276430762899,59.93333333333333
1051,17.175199451254638,9.88223131397556,34.52267791831786,59.766666666666666
1052,18.407875819450698,10.341824910312118,33.708913549007384,59.93333333333333
1053,19.37437676873245,8.961584684190042,27.75289690449128,59.91666666666666
1054,18.862997762882753,8.868077893668561,28.20785329610289,59.78333333333333
1055,13.798208068922477,7.250197048376756,31.526689605614568,59.8
1056,23.271848862185497,0.8317405546869518,2.1444120566762095,4.166666666666667
1057,16.436874495715866,9.722352880168089,35.48978687901573,59.93333333333333
1058,21.58436317214279,7.807132394772129,21.702189680114824,59.81666666666667
1059,13.20744633290495,13.430442969952242,61.01304959986876,59.96666666666667
1060,24.888127968017507,21.493753145472684,51.81688194409777,59.78333333333333
1061,20.147005934329652,14.385892450779341,42.84277027863396,59.78333333333333
1062,21.456471671044028,8.918955153633826,24.940601484828886,59.1
1063,14.217776888653114,12.835268965199658,54.16572112104191,59.766666666666666
1064,15.139884733377496,10.732061430497787,42.531610852377796,59.81666666666667
1065,23.28371398298905,13.585118432935507,35.00760688658361,59.78333333333333
1066,13.958127279649434,10.740119311295597,46.16716453196869,59.91666666666666
1067,17.993001071543212,12.983948140056333,43.296662146897994,59.91666666666666
1068,24.38193054557665,13.401156945484868,32.97808658859319,59.96666666666667
1069,32.18470796339615,0.7130437842403208,1.3292843018204847,1.1666666666666667
1070,15.884677316416251,7.682822561133319,29.01974931474394,58.333333333333336
1071,15.593428388629695,8.748853842057102,33.6636188938535,59.833333333333336
1072,15.506665315046499,9.818910177780804,37.99234707769158,59.78333333333333
1073,13.035246186403887,11.136293188643299,51.259299729645704,59.78333333333333
1074,17.48528560059789,7.371974448912978,25.29661093552021,59.78333333333333
1075,28.209252853912776,12.701202442746462,27.014970956917217,59.8
1076,24.20423708848542,15.01081736659947,37.210387532703116,59.766666666666666
1077,16.12487754850394,8.27402991498574,30.78732185133425,59.766666666666666
1078,29.976347714225582,6.242486481266057,12.494824000797712,13.616666666666667
1079,23.199020381979558,7.1885781966471285,18.59193555146245,59.93333333333333
1080,17.556007693344256,10.459334832142652,35.746173098709484,59.95
1081,19.556864216616997,9.985419956937877,30.635033857176875,59.93333333333333
1082,19.465011067215038,12.138936242349516,37.41771181254087,42.333333333333336
1083,22.032926600003016,15.826907062109665,43.09978610496755,53.96666666666667
1084,15.171190702385232,10.686626175041601,42.26415599677923,59.86666666666667
1085,12.834974628283064,8.661758237348124,40.49135345352907,59.78333333333333
1086,18.09076705121498,11.771738382821917,39.0422529332099,59.766666666666666
1087,18.26487910964773,8.190751457575583,26.90656119344079,59.9
1088,13.963980669311834,8.225046514004685,35.34112532286982,59.91666666666666
1089,16.506771305074874,9.239105236672698,33.58296446682657,59.88333333333333
1090,16.505805073136802,8.858109958836817,32.19998025998765,59.833333333333336
1091,22.556384925199936,7.475823645644562,19.885696233067712,59.8
1092,15.884636749168926,9.986839649726047,37.72263656044342,59.81666666666667
1093,17.472214018669582,7.294702834622125,25.050183657872495,58.333333333333336
1094,14.199937593104954,8.648291390934407,36.54223689743713,59.93333333333333
1095,16.54414433811294,6.627025420750708,24.03397341795653,38.95
1096,15.955598466471159,11.726924177910332,44.098342795050044,59.833333333333336
1097,24.16159835524179,14.852258269784823,36.882307332691845,39.68333333333333
1098,26.745504455874254,11.843489085416882,26.569300507956513,32.03333333333333
1099,13.647700748744871,12.464254447673355,54.79716185374147,59.833333333333336
1100,12.128604584021424,8.741438413577677,43.243746729581254,59.88333333333333
1101,13.737097491512184,4.349929195062506,18.999337513984543,33.05
1102,28.50975913798816,8.192968719719122,17.242450937726037,59.833333333333336
1103,16.231143396956714,9.658584929130186,35.703898460811345,59.95
1104,20.86424650495644,12.322886204726132,35.43732921809205,59.95
1105,21.425105880512824,10.415035750496616,29.166817121691604,59.8
1106,16.80435491543676,8.762879651718151,31.287888273539462,59.75
1107,32.68421079246694,13.392311203517073,24.58491891736985,41.73333333333333
1108,22.73075844375858,4.3166993888084,11.394338819328787,43.45
1109,27.58687211199523,13.233324826615169,28.78178745214344,45.0
1110,14.331340505128095,12.610616928323012,52.79596946486883,59.75
1111,20.617576109976582,11.101161757482604,32.30591714060188,59.8
1112,21.532691308500315,12.387675709543709,34.517772624140605,59.766666666666666
1113,17.418362484276376,8.212037471858515,28.287518344866992,59.93333333333333
1114,12.221308774101185,7.652736512668843,37.57078715932368,59.766666666666666
1115,38.40677725576637,0.6230894516965958,0.9734054709363237,1.0
1116,26.42196409274979,9.536142703458582,21.65503518962538,59.71666666666667
1117,23.224863774244312,7.023046432818719,18.143606355031636,36.35
1118,17.435976793223787,7.030570738538828,24.19332448734784,59.85
1119,16.313772513238135,11.195864314372495,41.17697842833368,58.266666666666666
1120,13.172314219571179,7.573352891896218,34.496684936245465,59.95
1121,15.108468098151743,9.498414971597393,37.72089232299875,59.75
1122,13.764212314268994,15.542678516325081,67.75256656080086,59.78333333333333
1123,25.093293720092387,13.189017473097122,31.535957663150242,59.766666666666666
1124,21.88655127542985,9.597921890793238,26.31183443204595,59.95
1125,17.740849293740627,11.564872186395643,39.11268957279061,59.93333333333333
1126,16.88699894268916,9.317025390447983,33.10366307975015,59.766666666666666
1127,20.520958111634517,13.897820535049428,40.635004835870554,49.11666666666667
1128,20.729890720531817,11.705959363976294,33.88139239648432,59.96666666666667
1129,23.707485760400182,14.182506613856653,35.8937428216359,59.766666666666666
1130,15.878839520464327,8.651500432919091,32.69067776056007,59.766666666666666
1131,19.450206052355462,9.762268340763223,30.114647570782903,52.21666666666667
1132,20.97189515130578,16.713108000941336,47.81573018659896,56.15
1133,17.58485597788588,10.202132738543167,34.80995039608977,59.9
1134,23.528095656582785,16.915302320929477,43.136433737331004,57.95
1135,18.138718766206598,13.034144136268962,43.11487808241099,59.96666666666667
1136,17.678192820829796,11.648861772895955,39.53637758437744,59.95
1137,17.35721674637999,9.067466012006312,31.344193523068437,59.78333333333333
1138,21.178469853412967,10.475751917462851,29.67849516033281,59.91666666666666
1139,15.820271100342762,8.180156823407712,31.02408336060871,59.95
1140,25.76739797887589,9.760045376248113,22.7264981530135,35.86666666666667
1141,27.595758801046212,11.052376885042955,24.03059897296378,24.9
1142,18.223164446511657,7.5891118858558455,24.987247110010845,59.95
1143,21.849414566423913,12.809060268711663,35.17456331776156,59.78333333333333
1144,20.411727432142335,11.656068114506834,34.2628564483534,45.16666666666666
1145,22.38678773719635,12.06457156298222,32.334888876272025,59.8
1146,19.154516676144766,7.8527400757018,24.598083705703786,59.75
1147,12.457479072903366,8.572180733896026,41.28691214521065,59.93333333333333
1148,27.011884261653513,11.073646386860727,24.59727639788768,59.95
1149,18.328924239621344,8.00361384269293,26.199946286181856,59.78333333333333
1150,13.911968084940995,8.474344124864322,36.548434009293224,59.78333333333333
1151,27.371930548975445,13.147612861612354,28.81991718798471,59.9
1152,17.464782883996353,13.582772558747958,46.6634116746829,59.93333333333333
1153,17.78167621614541,9.004411823244187,30.383227251888744,59.96666666666667
1154,24.17825776281394,11.487070390635239,28.505950685087754,37.333333333333336
1155,32.27471489238079,14.460519645884776,26.882690726972506,14.95
1156,39.797102030347524,5.0340458203660745,7.589566420983114,10.8
1157,20.369929425675057,11.684991000327209,34.41835488815878,59.766666666666666
1158,24.657782687252073,14.46026271739957,35.18628475432734,50.3
1159,20.75030175277178,11.739546122507594,33.94518189386654,59.78333333333333
1160,18.086908507158068,7.450750441480523,24.716497366695307,59.833333333333336
1161,18.21929219968586,7.243846759889159,23.85552637444629,59.93333333333333
1162,16.839249920821526,9.064905779850067,32.29920271677216,59.78333333333333
1163,18.17639361469493,8.489850056810095,28.02486643977506,59.833333333333336
1164,23.658046852112815,17.238576656887798,43.71935713369749,55.95
1165,11.756173859785406,13.82060070843517,70.53621802436042,59.91666666666666
1166,16.63934928193542,8.040666108515243,28.993920275156288,57.266666666666666
1167,19.609399913531707,10.184931627745016,31.16341654305325,56.95
1168,21.007724692959034,14.402789535203311,41.13569578536193,59.95
1169,25.474196656473264,13.42106514990937,31.610963825622196,37.41666666666666
1170,17.83672748714942,15.557788825790434,52.33400186328733,59.95
1171,16.409358562272278,11.76471848964794,43.01710555596084,59.86666666666667
1172,15.3204390904307,8.905700142815148,34.87772154667971,59.766666666666666
1173,28.48362834415168,6.867877801026656,14.467000590049723,14.966666666666669
1174,32.13741770737483,8.269773960537533,15.43952417553412,18.6
1175,15.624731870063298,14.028980812825585,53.87221078540819,59.766666666666666
1176,19.638333252006834,11.90099012869426,36.36048938362354,59.81666666666667
1177,18.624919036798342,7.225570315914361,23.277106230545364,59.86666666666667
1178,16.938991312581297,13.128374639125383,46.50232495027395,59.8
1179,14.914304118094282,3.8510879434913843,15.492863413530022,39.35
1180,10.86971285171346,8.154455464523163,45.011982795319526,59.95
1181,14.063296588001391,9.883375539374988,42.16668038334915,58.63333333333333
1182,18.973221823081847,9.063487775675936,28.661935838381744,59.93333333333333
1183,15.322835019824405,8.378914151081567,32.809519153241865,59.93333333333333
1184,16.96464060896133,8.541654851131153,30.20985253275267,59.766666666666666
1185,24.063038856326145,7.765065671287138,19.36180808496441,59.86666666666667
1186,19.741921328841578,9.317404022564766,28.31762076455857,59.93333333333333
1187,17.08854890857707,12.167528762981703,42.72169215096287,59.78333333333333
1188,11.678270535035475,7.5345195757199885,38.71045572946441,59.766666666666666
1189,14.05749187774129,8.279313907699132,35.33765758374853,59.78333333333333
1190,15.12343679820156,7.270558471631023,28.844866026070026,59.766666666666666
1191,23.41705516582337,9.560763180737837,24.49692272500141,59.95
1192,25.897511973553932,10.818827211521096,25.065328026651564,58.46666666666667
1193,13.637661019756134,9.697323550353943,42.66416449113654,59.93333333333333
1194,26.332627647609247,9.4042607398729,21.428003765647862,59.91666666666666
1195,24.00518220491037,11.066049007634101,27.659150211416826,31.05
1196,15.121427442813037,6.566490402374627,26.05504180293073,33.75
1197,15.458940144737307,10.115155313268158,39.25943907627457,59.93333333333333
1198,15.811534384896941,11.107562218420124,42.149845605231015,59.96666666666667
1199,16.220152412368822,12.458093368155922,46.08375945464936,59.78333333333333
1200,34.82856073577474,6.803678705953645,11.720861090246201,27.23333333333333
1201,31.35345290271687,7.72444501832495,14.781998733521824,26.75
1202,17.85942493853662,6.873050195581496,23.090497771015013,53.6
1203,14.484792688954771,7.19370251952082,29.79829676819456,59.61666666666667
1204,17.34052244748174,11.850318106236694,41.00332550692316,59.81666666666667
