,Distance,ETT,TT
0,0.622236769373929,3.3013219397291613,2.833333333333333
1,0.6317198693619068,1.8231816800260503,1.5
2,1.8087262927170513,5.418698795822761,21.25
3,0.7095378214841663,1.6393584836439261,2.0
4,4.958998676543048,18.661800113710438,35.733333333333334
5,0.6439682585489472,4.1481187394785355,4.666666666666667
6,0.7420110297564028,2.723693243050307,3.0
7,1.2887715489892693,2.7474286521198255,6.15
8,1.471956861855017,7.973196600388264,22.566666666666663
9,2.657067426220724,6.405433120438831,10.8
10,1.9273808921425268,5.501314757696416,11.933333333333334
11,1.508928874387641,3.6140063547184886,2.683333333333333
12,2.6860750194625918,12.290955406940085,29.216666666666665
13,4.386049949015088,20.65706267142047,39.333333333333336
14,1.7132351437092166,2.7046857055915177,5.15
15,2.8659970929186636,9.86576883535126,20.58333333333333
16,7.756066511787265,22.06523683056606,30.05
17,4.665077930306692,19.637123088657855,33.2
18,1.5483732985780212,4.147397815658879,4.816666666666666
19,2.0200159929810964,3.3585376134429925,4.466666666666667
20,4.672483238212002,9.402435369283344,16.266666666666666
21,1.4374921543274832,7.081845574268081,7.816666666666666
22,0.9057649590633404,2.335498098688761,8.966666666666667
23,1.457287712014132,5.6676264424563,6.466666666666667
24,2.391068228362077,7.713463280282843,11.616666666666667
25,1.7832790301750094,8.470633260082293,9.133333333333333
26,1.182847266262964,5.348088819914729,12.633333333333333
27,0.632347864496744,3.7955972025379223,19.566666666666663
28,2.872891774045823,8.173910921738969,11.783333333333331
29,1.4141417770362008,2.9383883618049924,3.983333333333333
30,0.9204317681523403,10.045121075495652,11.766666666666667
31,0.824841737871819,4.090810867654014,3.65
32,3.836331217363327,11.183529515940053,12.95
33,0.5766952231435398,1.6555353371932318,2.0
34,4.5884774086038345,12.916953384659747,26.05
35,8.05842567223133,24.306835812404824,40.25
36,1.659906160027791,6.1009846646104196,16.283333333333335
37,1.1241524604323951,3.8768838979698983,3.216666666666667
38,0.8708139644285491,4.653789390970793,5.633333333333334
39,1.0914097166965675,3.9336969323933157,4.0
40,2.1864011153108422,3.8902765729821347,5.483333333333333
41,1.047047966826574,2.1990501213346514,3.316666666666667
42,2.1798823764344353,7.711397087641278,6.65
43,2.2924528199881165,7.711267835687434,11.616666666666667
44,1.8410691659425669,7.071045646370608,18.6
45,6.075366492420903,22.243545464070632,28.05
46,2.4332522064684015,11.486507761632613,17.1
47,6.8818994073496835,24.759034413908033,33.36666666666667
48,3.5845806829343516,7.373748354156281,12.75
49,2.994159074219357,5.485526737901115,5.966666666666667
50,3.0021986070698046,7.12293434922402,10.483333333333333
51,7.937902936932614,31.96422685871247,38.35
52,1.4956697542225574,5.795688823514714,5.483333333333333
53,3.451575726524807,13.18708352629076,20.08333333333333
54,3.3289375193365904,12.77842699092951,9.983333333333333
55,1.2318570482588616,3.291015700089494,4.483333333333333
56,0.8486075787036667,1.3526227630283156,1.65
57,0.9597079440578375,3.802833290767618,22.916666666666668
58,0.5935605404947095,2.22084612782296,1.6666666666666667
59,1.239261860463107,4.960701252119942,13.283333333333331
60,14.741664828000951,41.71624394679271,48.21666666666667
61,2.781457191584634,5.1724656066170525,6.65
62,0.7190117815814724,5.158415767177454,3.316666666666667
63,5.137847764571547,18.08553983376522,24.416666666666668
64,1.4622627791197675,4.017597236509077,5.65
65,3.6173260534905776,17.479827292994994,27.716666666666665
66,8.649711119144163,18.083869648282338,30.716666666666665
67,0.550740670916241,1.393852946740952,2.15
68,2.362110828288906,5.922469412342901,9.316666666666666
69,2.552442735098315,10.43156372908333,11.633333333333333
70,0.9477983750958012,4.126743351818327,3.316666666666667
71,1.11926645217187,3.4061291499362008,4.8
72,2.1447656238862267,6.26803275425513,20.916666666666668
73,1.037015688878517,4.989686936872744,11.3
74,0.9497982902726804,4.314375143955195,3.65
75,6.351966503606014,18.897571282684297,26.366666666666667
76,3.463325317752629,5.887775580161877,6.966666666666667
77,5.957243966193763,13.652998205447627,17.283333333333335
78,4.092737904021345,7.41740503345216,8.633333333333333
79,9.376475610640297,38.915863863456394,39.23333333333333
80,3.0859899405945233,7.469600677241454,17.916666666666668
81,2.186974954456598,12.65381838413141,11.4
82,1.5110238023567135,6.181883054416811,5.316666666666666
83,2.9257026046889285,12.471777765283212,16.1
84,4.5211189480991525,19.72117424530457,27.216666666666665
85,1.0415985644642127,1.1690171123631972,0.8333333333333334
86,5.029087681547005,10.834164752828713,15.6
87,2.1527497900851236,5.278357888946897,8.45
88,2.944042249249109,12.824332900165532,19.23333333333333
89,2.3927933989113925,9.788268940714628,28.23333333333333
90,5.25290599020125,15.460030919310018,19.8
91,2.007862149545803,7.253904555719885,29.73333333333333
92,3.2277182889190996,8.766736496799778,17.666666666666668
93,4.635638778765355,17.809171083554848,43.71666666666667
94,3.008688175287933,13.6693628238716,31.28333333333333
95,3.1269134128880975,8.720946940363493,9.616666666666667
96,3.752712593669737,7.128349905474883,30.58333333333333
97,0.5807252704692191,1.345893498014817,2.35
98,3.62199350882206,12.401406519116177,19.58333333333333
99,6.7784836654755125,18.496045746743345,38.0
100,12.13087178025577,37.19218477460925,50.63333333333333
101,0.5036040958520198,1.415880319217485,1.9833333333333327
102,0.8597168607472684,2.3109819265023557,4.0
103,0.9393466024505105,4.178130514666884,4.983333333333333
104,0.552991491164035,1.3567667006214406,1.3333333333333333
105,2.3582736745962483,9.011642320145699,12.95
106,1.1230712011140576,3.955440277100602,4.0
107,0.742590090565231,1.9987237429851596,2.333333333333333
108,1.433111605287399,3.2293692270863694,14.933333333333334
109,1.8403020068236664,8.363743785147069,10.55
110,4.109242275464986,15.658925771635014,43.86666666666667
111,2.7247376006464714,11.729462655472686,10.15
112,0.7172530447590209,2.2616425345697353,1.8166666666666669
113,1.1751454901689087,6.096620192007794,4.666666666666667
114,2.145047789093674,6.011260916558557,6.3
115,4.0849303616379045,17.535945017994393,27.883333333333333
116,5.034157804975941,9.607990068179797,24.58333333333333
117,3.723636066863844,9.285492951312806,38.516666666666666
118,2.197332463505385,12.14907610684319,15.133333333333333
119,3.4309417104496456,19.768488882955502,38.18333333333333
120,0.6920807885614142,3.822320496052568,5.0
121,1.7037528781728684,7.249021658984475,11.966666666666669
122,0.5849495914508669,1.6242716193872677,1.9833333333333327
123,1.2992320391813288,3.7944762817910958,11.933333333333334
124,4.307492947792018,17.19206470217004,20.116666666666667
125,2.2190426663420126,9.006832026815689,21.25
126,1.7786864393359565,3.7256265312180745,3.5
127,2.471993938063152,13.69872268117911,19.816666666666663
128,4.16266408920287,15.603228346720215,24.08333333333333
129,2.091558837925494,4.023598652979941,2.4833333333333334
130,3.0189261528661,10.90951250976037,17.283333333333335
131,0.6650360272840364,1.479889224411527,1.65
132,1.0784980145978742,2.4286047796856076,3.15
133,0.9898489939193136,4.2963434854437965,6.033333333333333
134,8.180203730239844,28.63335499817511,56.38333333333333
135,3.587349787326751,15.550243061398993,22.25
136,0.8848234669542964,1.836254540616447,8.783333333333333
137,1.841394401987142,4.210421974762414,5.65
138,3.0856440008000217,10.272910100586964,31.95
139,0.9867563392708832,5.045127279115278,5.15
140,1.9824253751463357,6.790850581012009,11.933333333333334
141,1.111740595997385,2.9304082405511354,5.65
142,1.492043334188896,5.801435681668868,7.766666666666667
143,0.5386454089645234,4.4248234284272705,25.5
144,12.448652751761674,32.47670251215151,42.333333333333336
145,4.124524857051059,11.02867097378794,43.73333333333333
146,0.8362715784595218,2.68414331113994,2.9833333333333334
147,6.170473751321749,15.828272285176258,29.05
148,2.975044600600778,6.463661856044945,9.783333333333331
149,8.427051619238178,35.168919808691726,47.41666666666666
150,0.7519920511613806,5.456408695750775,15.95
151,1.1034808466010153,4.367333363134805,5.483333333333333
152,1.323770058850428,3.595703115439008,3.4166666666666665
153,9.733586379374444,25.47658397884954,20.1
154,1.905894973862347,8.718983094019068,14.283333333333331
155,0.5356364938767798,2.5641505073411683,3.333333333333333
156,1.5239460206856854,4.002873748707613,5.65
157,2.3862969259819895,12.39319644745671,13.45
158,2.235531364230702,9.80592793112735,13.116666666666667
159,2.831475045788833,8.60589365167555,18.933333333333334
160,11.393262980815514,32.82564907541302,34.03333333333333
161,1.49700070973267,5.299749443798334,7.633333333333334
162,1.5149105016304265,3.3093337248170362,4.983333333333333
163,1.243257559779526,3.4307620669187573,6.116666666666666
164,2.1473159745651453,9.085585556356806,6.65
165,11.643323190448179,27.87841393487815,47.833333333333336
166,3.7692142643275703,12.763819838924054,18.416666666666668
167,6.050555292848734,15.201289305047272,23.75
168,8.558681314390066,30.994749638983073,48.2
169,2.0907007684915753,4.2195031070275055,4.816666666666666
170,1.40250060098162,4.77692581228139,3.15
171,1.238636354743864,3.9834462369257944,7.3
172,4.8727468512284,18.118603311506995,23.9
173,1.684859169867084,4.225671710226579,3.0
174,0.6990160372674179,1.6938108128766074,1.3333333333333333
175,1.4282780575655123,5.844291495583376,13.783333333333331
176,1.9422134100673516,7.298329890356783,8.816666666666666
177,6.911923936803317,23.605013759231607,21.9
178,2.3405695087630027,9.918164307313875,9.633333333333333
179,2.333392661103293,6.790170874582766,4.316666666666666
180,3.0133667572219056,12.474332588635077,21.08333333333333
181,3.0815321274430962,9.252202720986748,13.116666666666667
182,6.176259053342439,24.34432357437338,25.4
183,6.82971369802104,18.835605474939836,33.03333333333333
184,2.0499099924960733,6.576067430031004,31.73333333333333
185,6.259392250005702,11.142839121680721,16.933333333333334
186,9.928489408352696,31.15467796987231,44.48333333333333
187,0.6088887576183284,3.2187393772324056,5.133333333333334
188,1.9821469776922522,4.985650559718931,7.65
189,0.7933131235868074,3.8890474931737407,5.8
190,4.155747703318056,16.713966483883066,13.95
191,1.2433421681928447,5.495241599424065,4.15
192,7.21442709918022,16.788802958451008,24.566666666666663
193,1.0092452432166217,3.766078039963255,4.316666666666666
194,1.4570021944768312,2.085325222484733,2.5
195,1.7673437998703243,8.644007367086289,8.483333333333333
196,1.4062259839570679,6.815744866144286,10.95
197,0.9214848182285483,1.6274328775618203,1.8166666666666669
198,1.1570550425932804,3.6672169678027284,3.15
199,1.083211074681852,1.8429458852168945,2.15
200,11.607216420971879,36.98386288774098,46.833333333333336
201,0.8410260989918066,2.7637741495044925,3.8333333333333335
202,0.7164415241974501,1.231593070429422,1.3166666666666669
203,3.2100186212618396,13.148070624005856,17.116666666666667
204,0.9581853137327384,4.1565143870838215,5.483333333333333
205,4.620606936070002,16.928031753050295,31.53333333333333
206,2.4545530909279503,7.767650516204866,7.133333333333334
207,3.850426251589664,9.59799063774885,10.283333333333331
208,1.4557845850412572,5.140137187728073,28.85
209,0.6661074049434261,1.4293141119641195,2.6666666666666665
210,8.597342764846815,18.180372903631962,42.16666666666666
211,3.118599137768069,7.587589170747441,14.283333333333331
212,4.569063614052391,24.213489188803162,45.2
213,1.2218594117519614,4.0460857872058416,5.316666666666666
214,2.3803851974115506,9.386442823235713,7.633333333333334
215,3.3176236823922958,5.422263233750665,11.466666666666669
216,5.02826831107836,17.840874946435743,23.25
217,9.872942150421247,42.01844816725851,53.13333333333333
218,2.4566612901631735,5.777526203068644,7.966666666666667
219,12.15917141287552,36.043118558162824,46.98333333333333
220,4.56551509533481,16.626249379842914,16.8
221,8.368448691553706,24.893478367146407,36.23333333333333
222,5.768514105226916,20.731462821804993,48.81666666666667
223,1.7623121312393226,8.475678112459875,12.766666666666667
224,7.5066068427531025,24.406987578426047,26.23333333333333
225,3.6162333065728456,9.957443425178452,13.1
226,2.55726354123049,5.142878458180731,6.966666666666667
227,1.200619552927756,4.654427871449015,10.8
228,5.3318779631370745,19.176780191320518,49.13333333333333
229,2.443005818434808,4.402028487475186,7.633333333333334
230,0.8846673908252339,2.3804242078267484,25.9
231,6.356010023766018,16.99031884829142,22.9
232,1.284185051533734,3.5343949279281253,4.816666666666666
233,3.6624967364009997,14.834423386316532,22.566666666666663
234,0.8667604469740082,7.758646132305065,19.1
235,1.3097473592690758,3.921420285415713,4.35
236,3.0977442193633156,5.437122218945348,6.633333333333334
237,0.5589471939644052,2.530904700004585,2.1666666666666665
238,2.466811153459822,17.809660341623353,28.066666666666663
239,2.6993005576478444,5.9026135866879486,7.983333333333333
240,3.6435797301235384,9.009388157883034,18.25
241,4.759067026841391,13.544515648617816,15.766666666666667
242,1.2555200440859828,5.246896863932936,4.166666666666667
243,9.158491761553455,18.197245808636183,9.766666666666667
244,2.734632765601654,16.301248602498326,17.583333333333332
245,1.0611733972612423,3.8306834889301373,5.316666666666666
246,0.9523503619774488,2.975809524892786,3.966666666666667
247,2.211042195766949,8.93368286721584,11.15
248,11.57809686217438,24.23663251061129,44.333333333333336
249,0.924252828501594,3.993374023762392,5.65
250,4.139824048585651,13.479051484742566,26.9
251,0.6381434694186144,2.1984555242750217,1.65
252,4.794609600441151,8.555004579833145,4.333333333333333
253,1.6306547298988971,5.458253570069801,22.383333333333333
254,1.8598737482042256,8.190656196920878,6.15
255,0.5609010170653235,1.3615553448030349,1.4833333333333334
256,6.882131951841633,23.613079008853322,30.566666666666663
257,2.4590092354006807,10.909599379429944,30.566666666666663
258,1.0861282444559102,1.983636761880809,2.15
259,1.129633994131183,6.890242165131577,5.983333333333333
260,0.5586174650930871,5.448227913806809,6.816666666666666
261,1.808045354109524,5.393280646399138,5.483333333333333
262,2.720208712997908,7.718558861855792,13.616666666666667
263,2.1264180466673284,6.876252853668484,11.783333333333331
264,0.6455971819598878,2.6535316388771464,10.283333333333331
265,2.4169997752501264,5.910302259799234,12.116666666666667
266,8.893965700880099,13.877706757008875,17.566666666666666
267,1.0903960851722814,7.552649950924741,9.666666666666666
268,2.9184676292925578,5.456047970370121,6.15
269,4.542042204704586,12.520087205798,14.166666666666666
270,4.790673355838671,17.747434886334624,20.78333333333333
271,2.569808305545743,12.530681593317572,15.933333333333334
272,4.921780494362522,15.512122269400022,20.58333333333333
273,0.6259424103729128,3.36671355623821,2.65
274,0.640905845284645,2.119522043246988,3.15
275,0.7280485786587638,3.0033771204062996,1.9833333333333327
276,4.919625057302063,11.561264468593873,17.45
277,5.623119665720337,22.592077708369512,24.53333333333333
278,1.1386324770693623,3.111206930349764,3.1666666666666665
279,4.983252648736762,18.82559376872293,25.683333333333334
280,1.2618142798580103,7.891633520506538,6.65
281,8.153437488978899,26.68129122979715,24.933333333333334
282,8.85882393260023,26.161972254687747,33.36666666666667
283,1.5273279032954001,6.933137625209025,17.133333333333333
284,0.5261499337081462,1.2857346596900971,1.65
285,5.30469138261076,22.878785980441315,33.55
286,1.0189106831028263,1.9100394261684972,7.466666666666667
287,5.385818034040138,13.263472449395717,24.066666666666663
288,1.0611984489946635,5.257820295790723,3.816666666666667
289,0.625870688689803,3.0408371541679102,1.8166666666666669
290,6.8220825122619475,22.06238634853925,36.03333333333333
291,1.893814633380923,7.210970610159162,7.816666666666666
292,1.9606488441734746,5.223692865316625,5.483333333333333
293,2.7163047194915215,9.88707668425434,16.6
294,7.519839347292301,20.396674398660565,26.216666666666665
295,4.306775085712439,16.783066968194632,34.6
296,5.242738428999313,32.24689999183927,31.216666666666665
297,0.721047656562439,2.4898471568756726,27.933333333333334
298,5.8444410757816385,19.554966820912643,18.08333333333333
299,0.578842612436162,2.914725862678241,2.4833333333333334
300,1.3614206912885547,4.135413703130409,4.816666666666666
301,1.228485751994341,2.9610401590875295,11.216666666666669
302,8.0682188150145,16.99990527809209,22.933333333333334
303,1.907650891082705,4.995295529998535,13.633333333333333
304,6.418841124197279,19.91037207846072,14.116666666666667
305,1.1089530144663708,6.152149664779279,20.85
306,3.3009608606532703,15.569909129410572,35.28333333333333
307,1.1724466132707425,5.433011789268449,12.933333333333334
308,0.5779355756127331,2.794944561294323,7.3
309,5.155549988397466,14.642183272678546,30.55
310,5.209163048680755,11.176215593971804,12.933333333333334
311,1.1445689497368479,2.9945017119999675,5.15
312,1.986777138111001,6.33589926006241,16.816666666666666
313,2.9775318229574568,10.258681234500889,9.8
314,0.8376318845126326,2.074749616601623,2.15
315,0.8612601277015073,2.906123826444703,4.15
316,0.5490759418874301,2.844615939923748,2.4833333333333334
317,2.4548506801355447,11.840465141993882,12.283333333333331
318,4.749800876323029,16.12207553757738,21.08333333333333
319,0.7086492786291615,2.25370309586202,1.4833333333333334
320,2.1320593900064857,9.332578265173185,23.916666666666668
321,1.5429533034525789,6.102909703313344,5.8
322,0.8607534595605433,4.000349835658421,3.333333333333333
323,2.3640919227395654,6.988102790776495,25.25
324,1.7776497391824984,5.455403917268544,8.15
325,3.51994395316469,9.579850518516722,9.966666666666669
326,0.7616249093985139,1.5982948567217674,2.9833333333333334
327,2.0651806647394793,4.525236892970322,5.316666666666666
328,4.288918646157815,11.379567486280653,13.133333333333333
329,1.8396884512060734,5.7559215640494905,5.783333333333333
330,3.8998474537003167,21.10806751212594,32.03333333333333
331,2.8596529479679593,5.7199386660134275,6.15
332,1.2611198845638174,4.921401078243596,3.983333333333333
333,3.418688453766229,12.221885539202749,8.133333333333333
334,1.7285481378543206,5.155514433698761,31.216666666666665
335,3.162025695602639,6.993450787683671,8.816666666666666
336,1.7743098020827375,5.068715734402633,3.983333333333333
337,2.305757898198456,5.258131315993054,9.466666666666669
338,1.4303078073986755,4.4033028123672,6.0
339,4.597145027609298,13.417323811678212,29.883333333333333
340,6.757375079335398,25.621070996138716,28.383333333333333
341,1.9795396271297498,5.595965356991542,16.933333333333334
342,3.4707805255690256,7.373721172103736,12.133333333333333
343,6.958433535571425,23.969527353684935,22.08333333333333
344,2.295174617635653,9.255470365942703,9.65
345,0.7707600823216954,3.671631058162586,2.816666666666667
346,6.829442315699529,14.081448684626498,19.08333333333333
347,6.524999285027227,17.137974473635246,28.566666666666663
348,0.7177899276908336,1.3745208798529998,1.0666666666666669
349,4.8128915605800255,25.319283721914754,37.2
350,0.6825574117250961,2.620010501186183,4.15
351,7.031831641859792,25.05874771348983,29.0
352,3.4313258559247806,9.162110268323154,7.633333333333334
353,4.045077991295539,12.004056308243872,10.116666666666667
354,6.33280005250702,14.579507089429478,21.916666666666668
355,2.2794883175926812,11.474606281114571,15.383333333333333
356,1.5837850383010743,4.322133656635506,4.833333333333333
357,0.7412555451548342,1.7991782096983073,1.8166666666666669
358,4.560650078090536,18.738874837526847,24.45
359,1.0777154937347522,5.008044976778664,8.966666666666667
360,2.378222168769252,7.558731653120881,7.8
361,3.416394646926207,11.33064964411009,17.933333333333334
362,1.8619410154452913,5.212636725280139,10.133333333333333
363,3.5926559354937164,17.549204055442406,24.216666666666665
364,1.1082725444370531,5.242661423501345,7.466666666666667
365,4.695015938560409,22.946326852389976,25.08333333333333
366,0.6831617218934636,1.1761428878013844,2.7333333333333334
367,1.6560410651212238,7.270156788552142,5.133333333333334
368,0.9643959362818316,2.19348145564507,2.4833333333333334
369,8.88277148479534,24.824312702844228,41.35
370,1.7508847838302872,5.975105083153447,7.666666666666667
371,0.7272647389008596,5.906960226813272,17.466666666666665
372,3.167541173652802,10.820604894079045,26.066666666666663
373,1.3925310403126756,4.514416310120406,6.816666666666666
374,0.5183280927601229,1.4776150459681643,19.933333333333334
375,6.780290825995459,25.23665961403366,30.383333333333333
376,0.5702307336291571,3.413967047987959,2.1666666666666665
377,1.3135032831833466,3.7009226329099465,3.816666666666667
378,1.482625988159393,3.5688654698544573,12.133333333333333
379,2.728978414007537,4.018685255877548,12.1
380,5.036717641083572,14.563972164260889,30.216666666666665
381,1.5798105193779641,3.365126645607883,6.466666666666667
382,0.9260272664357224,3.5326560380382492,5.483333333333333
383,5.315947687573931,25.80597206520452,30.866666666666667
384,12.36920056921815,45.78869504837004,58.36666666666667
385,6.569565369239501,6.5093999180514945,10.016666666666667
386,0.8673118071509126,5.938126629327876,8.95
387,5.655761778446401,10.899342429428778,32.733333333333334
388,6.811639598621775,26.38934271745466,32.05
389,9.575932998556238,22.039336799827264,35.36666666666667
390,4.138683678515629,15.753047488074548,18.48333333333333
391,2.9647002923148125,10.413372577066658,35.983333333333334
392,0.6555409865249664,4.111523538115377,4.316666666666666
393,10.729792297727657,28.750188215285156,44.88333333333333
394,2.6234583857799247,11.727171403122217,10.966666666666669
395,4.379066792373952,14.11487008000568,22.28333333333333
396,1.083161861257578,5.707109254078003,5.983333333333333
397,1.264601361263346,3.1580170582723412,4.166666666666667
398,3.275174388502793,10.41384996299365,20.416666666666668
399,2.2184859442845886,7.601587650460531,26.4
400,3.4370914083162663,6.660650497235624,10.116666666666667
401,7.297167388886954,21.78825212776906,34.916666666666664
402,2.849672872154484,11.005390628079878,16.783333333333335
403,2.1611273454164803,5.969235122731324,19.383333333333333
404,0.5151343028753207,2.2282229280195875,2.6666666666666665
405,0.7684520044332231,2.8856916763337477,23.75
406,0.9941300565823442,3.384017773106745,3.5166666666666666
407,2.5241160963446205,8.891784957539608,13.116666666666667
408,2.217249929749769,12.269406562632229,14.283333333333331
409,0.959433295291882,5.493929550832403,11.1
410,3.4004583834372157,5.746813616556507,6.966666666666667
411,0.9364039682787548,1.9761701564181768,1.9833333333333327
412,7.104473297815392,17.72998506708046,19.166666666666668
413,4.163238613534674,20.922679098732022,20.433333333333334
414,7.7606110198243385,30.678971113024797,31.7
415,4.239288751689905,17.29862125372569,28.55
416,1.122193579008983,4.9794779983159385,3.8333333333333335
417,0.6710575390246057,1.3648171994124896,2.1666666666666665
418,0.8726720910578318,3.9550824784558842,6.133333333333334
419,2.6149883522709483,6.035964693246644,16.266666666666666
420,3.029011280415342,10.725422219737572,13.283333333333331
421,9.263387429292743,25.133108157244056,26.73333333333333
422,5.403362946697806,26.264149099637024,34.86666666666667
423,1.9667965878872045,10.001479625176678,10.95
424,2.927068021069089,7.245323380596036,7.483333333333333
425,3.7040659498354995,12.601227492997873,17.466666666666665
426,1.4821930355678807,4.322249339334935,4.983333333333333
427,0.8168665107248608,3.1822958813024127,5.966666666666667
428,0.6987744141252953,3.2142884333810886,3.1666666666666665
429,9.085625805066526,25.24800777497648,40.2
430,0.6596637514004636,2.609323804466253,2.65
431,1.678724969299932,5.345932943378265,6.633333333333334
432,3.3618645598043813,9.894654812393183,17.933333333333334
433,0.5019354271604795,3.5538166265102737,3.816666666666667
434,2.175627178619301,6.212534835060805,29.683333333333334
435,2.7015714980413925,11.38783068484095,22.08333333333333
436,1.4739051190644366,2.945364539013779,8.166666666666666
437,0.6516077643048658,3.291902222737273,3.983333333333333
438,0.9062260794325175,2.4599816971050483,5.966666666666667
439,1.8634193468538303,9.068366968011262,24.9
440,1.4172817336385317,2.116978115706856,2.15
441,8.236453630630411,22.70183153884938,23.266666666666666
442,4.994012601754002,10.952514097580089,10.8
443,1.4344144170514181,7.02342586220206,8.983333333333333
444,4.503853379317134,15.526445679089495,32.06666666666667
445,0.6160974681791989,3.4191159602402483,6.966666666666667
446,3.5749895137141925,9.530956333983484,11.8
447,6.287981525455176,18.70163181239154,28.73333333333333
448,0.7136090786160386,3.4976874213263947,1.65
449,1.17446804084312,1.713496157070749,2.5
450,1.8527805500364039,5.208371454543054,5.983333333333333
451,1.8831768520665435,7.525993537179505,11.133333333333333
452,8.81804495169639,20.892508993663913,23.4
453,1.0217391243946248,4.271523034766215,7.633333333333334
454,4.53194886214512,10.11363661359751,42.78333333333333
455,0.8244156319470484,3.3618240023194432,5.483333333333333
456,5.506669228142133,22.811900797922107,37.5
457,0.5180703936409133,4.2211368287401045,9.95
458,0.7251165302797826,3.1920955170949368,6.816666666666666
459,1.5242407292194213,6.688808987814832,8.3
460,0.7607298780516232,2.799863046754455,2.15
461,1.6278562756422352,4.543926468940645,8.55
462,6.31047183045867,27.967582416348858,27.716666666666665
463,6.460226114492,27.296632765489623,27.9
464,2.4172499140901,8.479843933651603,16.95
465,0.9110666773066453,5.313771948577606,6.283333333333333
466,4.802808370562451,21.392407557369342,45.016666666666666
467,4.237455189705077,17.105016097159908,24.25
468,2.114598410485917,10.270099888261994,11.283333333333331
469,4.657933288955834,6.598956183989927,3.816666666666667
470,1.2617417362610766,5.31888303291602,21.916666666666668
471,5.424312057842888,16.864506136811666,25.5
472,0.6680502054141697,1.6106763322467248,4.833333333333333
473,10.38748160184749,21.92725539087823,47.3
474,8.584018011377236,33.76847131810141,36.86666666666667
475,0.6776565772408658,2.9721833195651444,5.45
476,2.485871999095468,10.678826680780547,26.883333333333333
477,3.7942914499440175,16.677047356303774,40.03333333333333
478,0.9715543231535388,2.4235206736377557,2.466666666666667
479,0.5331570339936674,1.9607726505743577,4.15
480,4.186057356431328,21.830979473547117,20.58333333333333
481,8.092357284786706,21.92918023530893,45.583333333333336
482,7.979036486110793,34.9377274107224,46.78333333333333
483,7.31893198680408,19.566913983183916,20.416666666666668
484,0.6226759244529679,2.738033594735789,11.616666666666667
485,1.4591348333319003,5.255818605102274,3.983333333333333
486,2.444778987627949,4.704855001761084,4.816666666666666
487,7.868000397247745,27.07061963025827,38.68333333333333
488,3.0275070403735502,9.11906519111279,13.283333333333331
489,3.980405387335036,10.469247319410714,14.516666666666667
490,1.3168957121793585,6.069738559699766,3.1666666666666665
491,5.471397227577789,21.442037874012527,26.05
492,3.4300376894055655,17.94795028191715,15.133333333333333
493,2.9515225179754854,9.491633234778293,12.15
494,5.938800158517886,24.14024408354431,44.333333333333336
495,0.8939890296484078,2.294271492059111,16.766666666666666
496,6.946969147107828,12.286874564326176,26.78333333333333
497,2.7009182493147335,10.295916012188853,18.75
498,1.2175090518772476,1.8013438244450524,2.15
499,1.652572012737891,3.383649990918601,4.65
500,3.996922811015551,15.510644698148726,14.1
501,0.5218215637042841,0.8929769100594267,1.35
502,1.8937695565669606,2.4679785345486667,1.9833333333333327
503,4.963355120320826,22.78110176566159,27.883333333333333
504,1.283880715144578,2.531319831068476,25.9
505,2.0210040995537955,6.4042070188275435,8.3
506,0.64862605638934,2.5411805215137955,5.3
507,2.272570777636379,6.981221811949253,21.416666666666668
508,2.611156235166386,7.63092763220218,10.366666666666667
509,1.0743252409197885,4.556942829677366,7.466666666666667
510,0.9559676780344127,2.268759968496176,4.816666666666666
511,1.3337529001382327,3.037953217234539,3.316666666666667
512,3.327610643079158,13.15574687035393,12.1
513,2.5629155926550617,5.301705749841225,6.966666666666667
514,1.5220122585804847,4.038499312958251,4.633333333333334
515,6.309484514343282,17.740648944689188,18.6
516,6.863316979751663,22.5582571919612,26.883333333333333
517,2.2629448970308106,5.114616535585876,8.633333333333333
518,0.6122955617843875,1.7999429626003072,2.816666666666667
519,4.075258548587208,20.14425449361928,25.066666666666663
520,6.930561369844348,27.73729182626714,41.333333333333336
521,1.8866699296796197,8.35891534206319,10.133333333333333
522,1.3592403042104675,4.36740539434251,6.966666666666667
523,1.9913992048933775,7.616217878747125,17.766666666666666
524,4.921789361482283,12.93494214347859,13.45
525,0.8914876202910755,2.351728829633924,2.9833333333333334
526,3.086085414702547,11.45786965906395,15.6
527,1.9369987490584617,2.997155724465555,2.816666666666667
528,5.739747031347844,19.26942490675335,22.916666666666668
529,3.593721052222118,6.894842386570081,7.8
530,0.5641400506552613,2.0093521809493304,3.966666666666667
531,1.9561492994835536,5.978581770790151,6.633333333333334
532,5.417995706985515,21.265757665764248,41.85
533,4.025762451385303,11.207322902743849,10.966666666666669
534,12.919837850912463,26.15779319517357,42.35
535,1.1246799290053175,6.40173073969507,5.3
536,6.933755685264642,20.123010552910046,39.86666666666667
537,0.7173859377237889,2.076051983323005,2.316666666666667
538,0.5384425524600225,1.64187403105279,1.8166666666666669
539,0.7786002414102863,5.426107604451939,11.216666666666669
540,0.5975665071345259,1.0235454732945994,0.9833333333333332
541,2.1417461962667734,6.396935177279898,7.65
542,3.8710544907070714,6.182204635978287,6.466666666666667
543,1.6588983217874298,7.565440812244253,8.966666666666667
544,1.183386028797894,4.215991338302087,4.483333333333333
545,3.8803681835895447,12.50598100203957,9.783333333333331
546,1.676903650702396,4.220361023403511,4.0
547,3.066784197924887,13.541714619902764,18.766666666666666
548,0.6473652999455746,2.5928109308436977,11.866666666666667
549,4.250111708409605,10.905826642302085,13.283333333333331
550,3.181470998090607,11.130193337613965,17.283333333333335
551,3.1737751132181566,19.302378528465177,16.1
552,3.068820371227451,14.67276549769791,21.916666666666668
553,3.548529272719824,9.631397443724168,12.266666666666667
554,1.9992336128115158,5.246627686290669,9.15
555,0.9733706622503564,2.0144983516548254,2.4833333333333334
556,0.7290023137435246,1.3578945849992616,2.6666666666666665
557,2.6471209839102117,10.161744533350712,13.6
558,4.891021998254741,17.591441488264618,15.45
559,1.8723313489310394,5.654257980404271,7.633333333333334
560,2.343074317610164,9.034707287571212,11.933333333333334
561,3.9180764345661543,10.937226900313894,12.133333333333333
562,4.6962404200014225,19.43255475062662,21.9
563,5.177087116454009,17.868742867519135,34.21666666666667
564,2.85578529513612,8.419966517835391,14.766666666666667
565,1.399930677320838,5.553442623160855,4.633333333333334
566,2.6420437602385065,10.444938658814326,13.266666666666667
567,2.6850339412254205,6.097544126273607,10.45
568,1.8764389965268458,5.021212467092841,5.283333333333333
569,0.7670356109042566,1.0787342182785344,1.3166666666666669
570,5.382195614777831,15.411490117357687,35.85
571,2.494556185203713,9.376939854538048,8.3
572,0.5565800243913982,2.052517946306034,4.833333333333333
573,0.7755573937628021,3.6374167053236715,18.416666666666668
574,2.603644964237703,9.065193060500038,37.13333333333333
575,0.5509119350508863,1.6291276050101333,2.4833333333333334
576,3.5324720493540034,16.584864676704605,21.58333333333333
577,6.5698494298394605,33.46996539040394,52.16666666666666
578,6.613819670016619,18.221869019849116,17.583333333333332
579,3.9790019846325793,14.017810646834286,25.383333333333333
580,4.368936657141102,12.541046376917057,30.28333333333333
581,0.618649294404608,3.017976526866483,3.983333333333333
582,0.5617553471690797,0.7546402127951436,0.6666666666666666
583,1.440369922012591,5.859550189714676,13.116666666666667
584,2.0307861362373196,4.179860146443957,3.3
585,4.019288922236763,10.982000598152677,16.266666666666666
586,4.736745126928386,15.34568069840365,26.03333333333333
587,0.7691026535281181,2.906417563934924,4.316666666666666
588,4.882015677847885,17.484782578213352,32.38333333333333
589,3.6498698789465913,24.86978989525675,25.383333333333333
590,4.11813338604025,9.476316676987151,10.466666666666669
591,0.8730748626696171,1.3750370329530655,1.6833333333333331
592,5.0383191591046,14.314674324720945,19.416666666666668
593,1.3838753626392097,4.536716627974316,11.45
594,1.6231195577366393,4.752051173500821,8.15
595,2.148664063808524,7.501873755109822,16.45
596,1.995432961971213,7.641219229740458,8.8
597,1.3357668843643336,3.9982317164584527,6.833333333333333
598,3.4837450570249238,13.04320897679434,16.166666666666668
599,4.064718739450248,13.023815067648279,14.883333333333333
600,0.9033144606347008,1.3379612919597654,1.2333333333333334
601,1.048349612799184,5.57411697686805,15.8
602,0.7758825038007472,3.323073828951621,3.8
603,1.387526194911302,4.041344317080448,9.616666666666667
604,0.9805671597822838,2.0969745797198764,4.3
605,2.4550970764595452,8.140948874031205,10.6
606,1.0989621668917273,2.7386845009933807,3.1333333333333333
607,1.0320476163229833,4.535954852008543,11.3
608,1.0435245345277058,3.18800812858337,2.316666666666667
609,8.257911800176736,27.887538052585814,20.616666666666667
610,7.07664434105531,28.09967803616962,39.16666666666666
611,1.1628641487756217,3.307757129613254,5.633333333333334
612,4.74037295951174,16.098833971438978,23.03333333333333
613,3.115035896282427,9.836936284705525,12.6
614,3.785211328405337,10.662854815931734,20.416666666666668
615,1.1417736485228054,3.504860071717332,15.95
616,5.110399284591876,24.642000806613805,38.21666666666667
617,1.9739302069176239,11.721800746979115,7.65
618,1.3667602604394762,4.002268633152343,4.983333333333333
619,4.3148198392574,19.032296847847427,46.23333333333333
620,3.384012249474691,12.598383269858859,21.58333333333333
621,0.6968641311330702,1.0300622595338675,1.3166666666666669
622,5.763818280309558,9.88710045302498,7.3
623,0.6198654200652541,2.4895460209363125,13.616666666666667
624,3.2852562112748505,13.327487117479583,14.366666666666667
625,1.8058374720803663,12.197451575684624,15.266666666666667
626,2.0124256124510294,6.737852306118433,29.716666666666665
627,0.8476970568871766,4.995995515183216,7.8
628,0.6472067392003845,4.944833432029567,10.95
629,1.3176718274793418,5.007921298095968,6.133333333333334
630,2.4659318927625034,7.954633691682697,10.15
631,0.8456214283768209,4.197962012662754,7.3
632,1.9404755310210624,7.15397135386822,6.833333333333333
633,1.5251068796504903,5.133422944099825,13.45
634,3.048446904302436,13.567718166261406,14.616666666666667
635,2.2545614288514555,9.26334935597727,15.1
636,1.2487238918938508,9.010561039652307,11.616666666666667
637,0.5432065758402957,1.083506610044611,0.6833333333333333
638,7.939972431258488,21.473461000667633,47.41666666666666
639,2.246385782830473,9.240540785099256,18.1
640,3.5759117948279293,11.17628510361199,28.23333333333333
641,3.7871589541165904,16.056195696051205,15.616666666666667
642,1.669897467317236,5.865016182399208,18.1
643,10.53601747855933,24.591382323148498,37.35
644,3.958105261351302,13.981060860269878,36.7
645,1.6430440718374673,7.47529377626196,6.666666666666667
646,3.694142064663117,14.503067366201451,17.933333333333334
647,3.8279345418212425,13.876935355342928,13.616666666666667
648,0.5288355826392517,1.1212029924212257,7.316666666666666
649,4.179006897524607,9.967838311830715,37.85
650,1.8961619937794298,4.124372091067701,5.0
651,2.7378902124012994,5.292747875862198,7.966666666666667
652,3.5449895306674284,10.635060737466736,16.283333333333335
653,1.8785578900809026,7.463261642580177,11.466666666666669
654,8.828321277812181,27.338919619141592,34.03333333333333
655,0.5466251469054171,2.7856973952041986,1.3333333333333333
656,1.175213574253316,2.8724769070439904,4.133333333333334
657,6.669197295001773,12.187933938034293,19.6
658,0.654271388215009,2.1616346495744594,9.133333333333333
659,1.6134809775464423,3.616593213253895,9.95
660,0.9222189047602941,6.739036160149118,13.95
661,3.2618675354185775,14.85263473222329,34.36666666666667
662,4.677903478704507,21.96111479468171,46.81666666666667
663,3.807015699907934,11.499233967076414,28.816666666666663
664,1.8095571630016225,5.164515666285421,10.616666666666667
665,5.270038266894902,14.261113638386375,18.766666666666666
666,0.5264841682195291,2.825080453361394,4.816666666666666
667,1.2732730806869756,5.707235128659664,4.666666666666667
668,9.401907855873574,34.635002797894536,41.48333333333333
669,4.2559896882722805,9.445394496606925,9.966666666666669
670,1.1934201392010386,5.106233158708542,3.3
671,0.7220885299612168,1.7389592415705757,1.8166666666666669
672,0.9964074565587104,6.322967583571193,10.15
673,0.8364809824335544,5.151792253489644,2.316666666666667
674,13.481980525662706,34.13455106668343,43.68333333333333
675,0.7981833572218087,2.0379755320386614,3.983333333333333
676,0.6498515329341955,6.9262467695161325,7.133333333333334
677,10.057954383642464,24.185355139798656,26.9
678,7.871521749827754,27.721030007449958,59.9
679,9.410961103936948,38.723520726536286,59.78333333333333
680,13.843933381861715,54.6087951413411,59.86666666666667
681,8.484748750010379,38.27374888817581,59.93333333333333
682,10.999526544694257,34.75183984562485,59.8
683,9.153902440083307,30.256923562323227,59.85
684,17.500405828366457,59.682091426702335,59.766666666666666
685,3.4178144898005995,8.242864507984285,14.1
686,8.552870775113291,32.845419457294774,59.81666666666667
687,9.765501367877784,26.722383800069746,59.95
688,8.256462574281283,16.384352157884067,17.433333333333334
689,11.813482245496148,30.27288171472352,32.55
690,7.466638534599287,28.460418055628413,58.5
691,7.413312055138361,35.70772349772514,59.98333333333333
692,8.765647240217723,19.599304026276982,28.4
693,10.124073793981808,31.720781402601485,59.75
694,10.294300479909909,34.41989378212806,59.8
695,10.023604980023466,21.066864246764272,59.833333333333336
696,6.413257225061316,32.16969117034831,47.15
697,10.820399292970073,42.45447891037182,59.93333333333333
698,9.809265188494974,34.821536504687316,59.93333333333333
699,10.229348983136791,38.068477032232465,59.91666666666666
700,14.418523788075833,51.79605804422472,59.95
701,7.197856244553627,23.771216513243406,59.766666666666666
702,11.646476662223693,28.505497669159915,59.96666666666667
703,16.540218274908742,40.6442308952394,59.95
704,14.149610530067568,33.129299090251855,53.66666666666666
705,4.387573563802518,11.915799663052972,17.483333333333334
706,16.475364320900216,51.78697471094396,59.75
707,14.860973677007912,50.26504602121457,59.78333333333333
708,9.63339303219637,18.864257438957225,17.933333333333334
709,14.359105922512718,33.627345796277254,43.833333333333336
710,15.423381931990257,46.82719248671922,59.86666666666667
711,7.6881084714574035,27.284852470679205,57.93333333333333
712,7.146451013969918,20.9935567447522,36.6
713,9.803352594010944,34.73156545965163,59.8
714,8.42143073191943,35.02521583944922,59.78333333333333
715,7.202246113676208,15.099049716493617,60.0
716,7.124747432053012,17.96342988280132,59.75
717,8.358603247520177,39.58951556010435,59.766666666666666
718,8.860202013285859,31.24271181944844,59.81666666666667
719,11.009950512729706,30.44989758990002,59.93333333333333
720,14.143500436539318,57.88505487820148,58.43333333333333
721,10.149369844974776,41.512355425158326,59.81666666666667
722,11.155040446690363,29.53993983157364,59.91666666666666
723,12.563945366336148,29.832764019975176,59.73333333333333
724,13.671546369201765,41.12403249465923,59.86666666666667
725,11.095596503386373,24.166899169507236,45.98333333333333
726,10.620933054860096,39.5029518369039,59.78333333333333
727,7.236570793476264,25.87293399682792,59.016666666666666
728,17.056996689059797,46.01306199997355,59.95
729,13.64685508807897,26.12503780508573,47.48333333333333
730,8.375873329926645,39.11641878739368,59.91666666666666
731,7.208318168086825,35.90650859286553,59.766666666666666
732,10.948107347408332,38.92873863053479,59.91666666666666
733,12.312153653223183,39.9201994953928,59.75
734,7.765008557604384,26.139645698544484,59.75
735,8.553861339968156,33.350529151295504,59.91666666666666
736,8.45151063706868,37.41656333742478,59.766666666666666
737,13.137680755779625,50.49705887631158,59.766666666666666
738,9.068437009063482,59.837516412260946,59.7
739,14.598376959846144,44.297654177643786,59.93333333333333
740,10.370917006115471,41.11360352704076,59.91666666666666
741,11.342771091895436,35.05313645738965,59.9
742,20.370134013474367,62.35345299534054,35.53333333333333
743,14.786315991833186,41.493209332351945,59.95
744,10.297237355000838,41.95205329851369,59.91666666666666
745,7.434282661375392,31.893712392439216,58.45
746,10.729774921664283,38.07681277302075,59.833333333333336
747,16.327604307584604,36.83818701847033,59.93333333333333
748,14.823064034532992,50.29814097336089,59.85
749,7.825487596682762,26.298183548669787,59.61666666666667
750,1.5850297238236397,2.5346899409236756,2.65
751,7.646231078264794,32.96699352881299,59.8
752,9.110224272938682,33.42166740111398,59.78333333333333
753,19.072395685077446,43.00584390060882,54.63333333333333
754,20.339765417308715,44.123619744475164,41.65
755,11.173401179954096,44.677205947120136,57.93333333333333
756,7.536272439950978,16.001804875137942,18.1
757,6.053169882422781,14.192699618904218,16.933333333333334
758,15.32831692390579,57.24523541493626,59.93333333333333
759,9.52833848389807,42.74386284230087,59.78333333333333
760,9.867585233939518,41.38059921192103,59.766666666666666
761,10.159838310991743,42.527771628685706,59.7
762,8.418205039745763,38.662904805270095,59.766666666666666
763,9.601486764409291,40.600595842859576,59.766666666666666
764,8.280199608479695,29.06325531634904,59.766666666666666
765,10.90580303761476,31.24346576390509,59.8
766,13.381417128172451,40.92139882539112,59.91666666666666
767,11.891000674975599,37.793378117056946,59.73333333333333
768,7.691170267853335,28.91257771873498,59.96666666666667
769,10.041806643151691,24.04763119451613,41.13333333333333
770,14.732661269790936,33.55477478534444,54.61666666666667
771,11.999503250113671,23.012061021764318,42.45
772,8.234376151129283,17.10715146848562,59.93333333333333
773,12.333985659223229,32.65586833193913,41.516666666666666
774,17.870458283967455,54.35242744280442,59.95
775,1.7771090630878223,3.707152517550169,6.15
776,10.249001808693217,50.631350881614026,59.8
777,14.096634656235281,53.433497868866134,59.95
778,9.72402814486806,33.229626980528835,59.86666666666667
779,9.847537836768964,21.8847980817871,59.766666666666666
780,10.873990799295424,35.86004778252547,59.8
781,12.392695214927945,37.83323386101537,59.93333333333333
782,12.95512927872097,45.12905037208511,54.6
783,9.375597126028618,36.30126521653456,59.95
784,10.53968839869414,39.943369445766685,59.95
785,8.382928244256181,33.20255645645092,60.0
786,1.3341519856453097,2.5264556858000278,15.933333333333334
787,14.412878274760226,43.26058757269889,59.88333333333333
788,8.192504464973611,23.599182705359468,58.3
789,7.810267688737704,16.329823584415177,58.43333333333333
790,20.14718220265211,47.40898621220568,53.13333333333333
791,16.42381145163977,37.471082910505004,59.91666666666666
792,11.747703163710291,29.346291765038337,59.9
793,7.76562253252545,29.83333782447064,59.766666666666666
794,9.055716562894583,32.6930383476247,30.216666666666665
795,15.486150098454361,31.008853579462496,59.86666666666667
796,11.83777765859458,45.03256721701725,59.86666666666667
797,7.773793117753369,28.13704687195741,59.93333333333333
798,9.017004335813066,23.312757065605293,59.766666666666666
799,13.194056013808366,46.049033245046346,59.35
800,14.671851465715458,31.61378543640847,57.43333333333333
801,8.55836406769867,29.482470917264006,59.78333333333333
802,8.667829543552397,42.96779066388996,59.75
803,7.438181702384334,30.659551507954536,59.766666666666666
804,13.717725533292697,48.25316297655143,59.78333333333333
805,9.610563269468349,43.356588973516125,59.85
806,7.943165428504838,16.458640790944937,19.933333333333334
807,16.408325334853593,67.95318685197137,59.78333333333333
808,8.824638221477171,25.92924225075512,59.8
809,9.281331684537015,35.7546577840863,59.93333333333333
810,8.63396658027731,19.43554573156975,59.91666666666666
811,11.342520656519255,37.18679340144385,59.86666666666667
812,7.429091140522336,13.392454293398373,49.7
813,7.975424190775839,34.84909278420711,59.78333333333333
814,8.172483130287556,39.90590417366989,59.833333333333336
815,9.14022021629475,30.18780243662295,59.81666666666667
816,11.33743422099084,39.6061812559111,59.88333333333333
817,9.053666865878656,18.671131925234153,12.95
818,8.547267648738568,34.078842946649615,59.833333333333336
819,15.069404048307671,48.03879815284537,59.766666666666666
820,15.165954761411772,28.283393245909686,47.63333333333333
821,14.239556082828601,40.16496819733391,59.75
822,14.108086476580795,39.62594898629231,59.96666666666667
823,13.369877432049456,39.30703943001282,59.71666666666667
824,8.985813951505753,28.5798844606166,58.78333333333333
825,8.295592048963677,29.13847038801629,59.93333333333333
826,14.33410112580282,40.510631699055224,59.766666666666666
827,12.806798711229066,47.53390958242497,59.766666666666666
828,7.724526595495842,27.02629556341702,59.78333333333333
829,8.30699601978573,36.73667991144137,59.85
830,8.03855131897546,31.466458665600932,59.766666666666666
831,16.396427592523665,45.46791272081704,59.8
832,8.212612852533054,19.355407009662326,59.96666666666667
833,11.406819584959097,39.51920321793569,59.86666666666667
834,2.1704840226422566,5.936240647617093,9.633333333333333
835,9.258636140329136,34.23316021340565,59.95
836,11.52019462632844,29.66298237917091,59.93333333333333
837,7.695243347115372,23.479385896389424,59.85
838,10.05190404843444,34.82760625755233,59.95
839,11.79386596831422,30.07368205431647,58.78333333333333
840,8.121095211494126,14.593263902963198,18.416666666666668
841,8.229542502693377,23.634335917309826,59.78333333333333
842,5.643675598001411,13.329849539016529,18.28333333333333
843,8.984148297758647,32.323275269642,59.85
844,8.796724953844462,23.93189850156064,59.78333333333333
845,7.723710637319356,21.958457978700512,59.833333333333336
846,7.257956827656279,22.55880001884938,59.93333333333333
847,10.52098714839842,34.10777688085664,59.8
848,8.329470891005109,18.58427463641544,59.833333333333336
849,16.472062870494426,41.45033010725238,58.61666666666667
850,8.535436259853709,25.045646191557335,59.93333333333333
851,8.398403274415285,38.87936857245228,59.91666666666666
852,7.857958051526362,26.325521745167755,59.93333333333333
853,2.4536660907712844,5.497450714350673,23.0
854,10.865077146818845,42.8309087479733,59.8
855,7.860526583095143,27.890705867728904,59.766666666666666
856,8.614143582071929,22.457933486212735,59.95
857,17.31872321229755,51.812645788951095,59.78333333333333
858,9.115159749680561,23.000525482086854,59.96666666666667
859,10.107631655780885,37.355999184339325,59.8
860,10.848544423226532,34.52893786098043,59.95
861,7.805219241810741,32.20148162641014,59.8
862,7.751292785012954,34.19075907242577,58.45
863,16.484165743517096,36.58650362981316,55.78333333333333
864,13.527375585175651,47.30791920779755,59.91666666666666
865,10.956578495098263,25.328034231586408,22.816666666666663
866,29.875871272415694,94.56538717011661,59.88333333333333
867,15.42478239279267,81.4468736594302,59.833333333333336
868,13.52940361872104,45.694067142053974,59.93333333333333
869,9.76474947087699,35.06579180708489,59.8
870,10.509562641132412,36.433097214563304,59.766666666666666
871,7.687630501984609,20.942396763050994,59.766666666666666
872,10.156528556299257,45.73737052937451,59.85
873,8.39141174802847,38.33755292890862,59.81666666666667
874,9.149362030027032,35.20286900761436,59.78333333333333
875,4.285175558385321,20.305126187272265,43.61666666666667
876,9.10718713290216,19.371561249719093,59.88333333333333
877,7.6579005421205935,32.24579542206463,59.766666666666666
878,8.0030052934836,25.799952583289752,59.78333333333333
879,7.087159095416835,13.262038657684103,60.0
880,8.345507152625313,23.764384818517343,59.95
881,17.19740343215465,40.46841871137656,39.36666666666667
882,12.773306353741514,41.61473332940757,59.75
883,13.79315069331267,36.511367682553995,58.28333333333333
884,19.303039712538435,43.928077472410145,57.45
885,8.3433228510122,34.454093161108,59.81666666666667
886,17.096491458389966,48.53036700827436,58.583333333333336
887,3.4125791501218368,16.05253177812996,33.7
888,10.616089021743509,31.457478354589554,59.78333333333333
889,6.992664173216819,12.607305849135727,16.1
890,7.044335416581862,26.609416253001807,59.833333333333336
891,12.949156994720152,36.39198601872258,59.9
892,8.552271052638666,36.85122406525818,59.78333333333333
893,10.779681080314054,43.48028905589004,59.91666666666666
894,12.138839313873008,27.07784266541974,59.98333333333333
895,6.45845085084934,19.712086630881238,41.0
896,13.862309878213278,62.74310668006808,59.95
897,13.365821595810099,51.53191376247526,59.7
898,9.037885306630178,19.468302511034388,59.766666666666666
899,10.79128022948408,41.28124841027413,59.8
900,7.477813409914638,17.81233188774477,20.766666666666666
901,8.836925615144127,35.80083806334426,59.75
902,5.75422545395352,14.308874286070704,25.566666666666663
903,7.125359654916459,18.594395260601896,59.88333333333333
904,7.233502674571056,32.011776442941986,59.766666666666666
905,14.130843986702658,41.24058782002069,59.93333333333333
906,13.530471533253777,31.054424982421178,49.63333333333333
907,12.52932443338835,50.863585875085654,59.93333333333333
908,15.550523001560752,54.731989065016705,59.766666666666666
909,13.618656356483013,35.63600876014318,59.88333333333333
910,10.602954161896632,41.0359044607668,59.95
911,11.78678991027777,31.93802963775249,59.86666666666667
912,10.892549856502779,30.120568115459267,58.48333333333333
913,1.2807177527853766,4.871837253941917,5.766666666666667
914,10.635460801275672,55.312665137293294,59.86666666666667
915,12.838528656142367,35.089805639574266,59.91666666666666
916,13.961215280887933,51.72783860689144,59.78333333333333
917,12.483620229817507,39.23779262262616,59.96666666666667
918,7.680071150342957,26.883872158049343,59.91666666666666
919,10.624851450633303,43.30533913144556,59.766666666666666
920,9.997525164297786,20.463088037144978,19.75
921,8.185875956242255,27.739513859007417,59.78333333333333
922,8.023533392858575,30.996155114638118,59.78333333333333
923,13.29356624158257,30.035672747512923,44.66666666666666
924,9.252641893668917,34.15327504085544,59.93333333333333
925,12.599279389201783,42.90550784490441,59.85
926,8.074352437054664,29.042837454034718,59.91666666666666
927,8.384660306855228,44.512643951452596,59.766666666666666
928,8.145427342495429,22.097839891658637,59.81666666666667
929,6.91969659794256,13.784445726115031,20.416666666666668
930,6.994581790197534,24.01622878722308,59.766666666666666
931,7.608124043854872,18.967609890572305,59.93333333333333
932,14.54530811761209,62.52821582892164,59.93333333333333
933,12.04021093100426,41.77158892125167,59.95
934,14.862030928680413,31.630190133763495,59.95
935,9.323274202613527,45.94289129702028,59.95
936,8.547558149219691,19.55697886798408,59.8
937,7.615721737182382,32.71638975889658,59.78333333333333
938,9.155978097390669,42.2150140200158,59.78333333333333
939,12.237253384759008,51.231228087447334,59.78333333333333
940,13.060156269987745,44.812981372660374,59.766666666666666
941,10.165163594778688,35.425668637729515,59.81666666666667
942,8.549017779915888,23.563372213576987,59.78333333333333
943,12.185259942631372,38.32568574079901,59.95
944,12.805613563632521,48.15781300448465,58.78333333333333
945,7.121170499730128,20.23752738268311,59.78333333333333
946,8.770002487670222,29.98355365177563,43.31666666666667
947,8.19374135431029,38.605680901754745,44.016666666666666
948,9.893934843399158,33.58081499671269,59.96666666666667
949,1.5569185275366668,4.778241325063538,26.883333333333333
950,7.654685211465784,27.033449632220385,59.88333333333333
951,13.458557765507717,37.0919643961459,59.73333333333333
952,13.138432257087873,43.01485387168557,59.95
953,10.82456287354378,26.54789006354567,35.36666666666667
954,10.556604141862442,42.662198394377285,59.85
955,9.07845634218418,29.74718336074607,59.95
956,10.600698720035556,41.2636772871594,59.75
957,7.572228759949067,35.73114264408552,59.88333333333333
958,13.332481648799176,30.199193302424646,52.98333333333333
959,9.363171032023782,21.156587629052417,59.8
960,10.68273437373188,32.18769552834234,40.21666666666667
961,16.06124984274587,42.338627805743236,59.95
962,7.741789505064445,29.41869162359669,59.9
963,17.247370935975916,37.126552758636755,59.93333333333333
964,10.997992000080805,21.850416928947784,59.86666666666667
965,9.819620125414357,38.26167384993036,59.93333333333333
966,14.02844079171935,52.3900743674609,59.95
967,7.724556199902987,23.876406426168394,59.78333333333333
968,8.58958385865912,33.03273634718447,59.8
969,17.27123294356298,40.227500027071066,54.96666666666667
970,12.984936160874621,29.955799386025944,59.93333333333333
971,13.191531297639015,31.327475730510205,59.93333333333333
972,20.13204843653446,60.180071357587956,37.516666666666666
973,13.363675854930907,32.04742715544363,34.2
974,7.726195221010196,34.45020265369955,59.91666666666666
975,7.353338549118644,20.95656558991127,59.75
976,8.010194609498704,27.626962153720974,59.583333333333336
977,9.214181039676557,20.71758125534362,59.71666666666667
978,12.640393900117667,41.63797232704247,59.766666666666666
979,13.40050377002866,56.64873049091688,59.85
980,10.39030031378426,41.926508754338286,59.766666666666666
981,7.145766313281404,14.465693334364452,59.766666666666666
982,9.748069699347447,23.17422417540862,23.73333333333333
983,9.510935798544677,35.758088027937646,59.28333333333333
984,9.423324717479309,27.25861297458235,59.95
985,11.599841950206006,31.39576240552378,59.95
986,7.6228018791083265,32.96929107373076,59.93333333333333
987,9.355011904814312,34.277375117485775,59.8
988,10.741696008744405,39.86445727649991,59.91666666666666
989,9.929022123975345,38.72821170921621,59.833333333333336
990,7.72203119040634,27.898337204697615,59.9
991,8.931716671592103,36.45186264422961,59.88333333333333
992,12.087198580404948,49.64930335633633,59.93333333333333
993,6.445834947608334,11.516621298121164,14.716666666666669
994,7.415562672359129,32.46171661341519,59.78333333333333
995,11.877843435925682,47.23442620034212,59.95
996,11.270912756833274,55.933255294667575,59.93333333333333
997,13.356610547893428,48.55504661412102,59.75
998,10.903691911430595,31.60467742946413,49.96666666666667
999,15.075033119637816,40.81125527840216,59.766666666666666
1000,8.334228437243132,46.975265152937645,59.8
1001,5.455905481460563,27.120052569171303,43.81666666666667
1002,11.80323085528211,33.72687146572723,59.9
1003,7.938584466031844,25.061619869107776,59.78333333333333
1004,10.057258910639945,30.927696925452196,58.43333333333333
1005,11.249548195803301,45.129287744969695,59.766666666666666
1006,7.836315279447338,28.23294152334427,59.55
1007,12.277106432612081,60.50322562646854,59.95
1008,9.240602808827697,29.22503204065436,59.88333333333333
1009,10.049368993502739,39.48793527689338,59.81666666666667
1010,10.39764311880661,46.31318996100201,59.86666666666667
1011,20.392354224013424,47.384951737477394,51.45
1012,14.00027673059675,40.87041689225523,59.8
1013,9.557269333804305,42.870468350618545,59.93333333333333
1014,8.837129612330056,33.22888481334356,59.88333333333333
1015,12.062712259368654,34.06921969547724,59.78333333333333
1016,13.696440235537445,26.04519659379104,58.48333333333333
1017,9.074723289570738,31.43488158681666,59.85
1018,13.812634608479705,47.807075051373424,59.86666666666667
1019,9.20223452363996,32.95034558683712,59.78333333333333
1020,7.101379266998805,11.446715200377799,16.433333333333334
1021,12.936413941797833,43.912683211177495,59.86666666666667
1022,14.824756760286645,43.236610332080296,58.43333333333333
1023,11.735176881742538,29.453354102136966,58.266666666666666
1024,9.946698997891096,34.97073115538829,59.91666666666666
1025,10.0773069282575,46.364837432938074,59.91666666666666
1026,8.567855602821954,29.13153139354647,58.78333333333333
1027,9.283832605450215,32.626740774498195,59.766666666666666
1028,9.501693539400701,34.48915217060238,59.766666666666666
1029,10.099368770766867,28.052731281881684,59.78333333333333
1030,5.819187716439569,11.948682121235825,13.616666666666667
1031,12.311249024102365,51.0220194923781,59.91666666666666
1032,6.50311339084792,13.295577089030294,34.36666666666667
1033,14.089832275033226,41.48272527076228,59.766666666666666
1034,8.131606939616958,31.9234277143373,59.85
1035,10.818076788452274,43.90071156173011,58.46666666666667
1036,1.6502630119010533,4.045532151994684,4.633333333333334
1037,10.609107551584529,31.60362554915971,42.85
1038,17.218204307833084,44.484590709830606,59.766666666666666
1039,7.513448415054566,30.802051742971194,59.93333333333333
1040,10.320277435494617,31.751868970516384,58.516666666666666
1041,7.471539717653967,24.14700535259518,59.833333333333336
1042,15.757583497309417,40.764958284638205,54.13333333333333
1043,12.155132512199975,49.74216342903883,59.93333333333333
1044,11.551594787173714,34.47962475082454,59.93333333333333
1045,7.751320971291012,36.945573183413345,59.95
1046,9.114385745000423,30.237538992181577,59.86666666666667
1047,11.17125731895724,34.37759163843137,59.833333333333336
1048,19.75047249092898,48.04849790280864,59.93333333333333
1049,11.36143832440184,42.82951797274321,59.86666666666667
1050,9.840109482686675,22.397934789361262,59.93333333333333
1051,9.88223131397556,34.796717674803894,59.766666666666666
1052,10.341824910312118,33.709429793117806,59.93333333333333
1053,8.961584684190042,27.943654002624864,59.91666666666666
1054,8.868077893668561,28.352465231617753,59.78333333333333
1055,7.250197048376756,31.81051730745635,59.8
1056,0.8317405546869518,2.17107123977457,4.166666666666667
1057,9.722352880168089,35.90056439074031,59.93333333333333
1058,7.807132394772129,21.644748129950532,59.81666666666667
1059,13.430442969952242,60.815780056674164,59.96666666666667
1060,21.493753145472684,51.85989248097677,59.78333333333333
1061,14.385892450779341,42.797473430894215,59.78333333333333
1062,8.918955153633826,24.95788571076063,59.1
1063,12.835268965199658,54.02997057108256,59.766666666666666
1064,10.732061430497787,42.657715197153905,59.81666666666667
1065,13.585118432935507,35.14425388859071,59.78333333333333
1066,10.740119311295597,46.19963597839799,59.91666666666666
1067,12.983948140056333,43.59766100481526,59.91666666666666
1068,13.401156945484868,32.992328924794755,59.96666666666667
1069,0.7130437842403208,1.3368584046633387,1.1666666666666667
1070,7.682822561133319,29.23475919015382,58.333333333333336
1071,8.748853842057102,33.620142959344065,59.833333333333336
1072,9.818910177780804,38.211241744307124,59.78333333333333
1073,11.136293188643299,51.336879016198466,59.78333333333333
1074,7.371974448912978,25.385032064983804,59.78333333333333
1075,12.701202442746462,26.98546227296186,59.8
1076,15.01081736659947,37.216837150172616,59.766666666666666
1077,8.27402991498574,30.606498758666564,59.766666666666666
1078,6.242486481266057,12.49328427502816,13.616666666666667
1079,7.1885781966471285,18.60707054468696,59.93333333333333
1080,10.459334832142652,35.734869559735806,59.95
1081,9.985419956937877,30.646165247788954,59.93333333333333
1082,12.138936242349516,37.426360452529536,42.333333333333336
1083,15.826907062109665,43.04915799439187,53.96666666666667
1084,10.686626175041601,42.34139333427777,59.86666666666667
1085,8.661758237348124,40.63799629968392,59.78333333333333
1086,11.771738382821917,39.07280423460897,59.766666666666666
1087,8.190751457575583,26.850016881700725,59.9
1088,8.225046514004685,35.223420373690786,59.91666666666666
1089,9.239105236672698,33.43355895748484,59.88333333333333
1090,8.858109958836817,32.16691789416066,59.833333333333336
1091,7.475823645644562,19.91671173495215,59.8
1092,9.986839649726047,37.691914572460206,59.81666666666667
1093,7.294702834622125,25.13428035398644,58.333333333333336
1094,8.648291390934407,36.37226053731156,59.93333333333333
1095,6.627025420750708,23.943544203457176,38.95
1096,11.726924177910332,44.08462394725128,59.833333333333336
1097,14.852258269784823,36.882298953820346,39.68333333333333
1098,11.843489085416882,26.57452915393694,32.03333333333333
1099,12.464254447673355,54.68698395503395,59.833333333333336
1100,8.741438413577677,43.264500581764366,59.88333333333333
1101,4.349929195062506,19.006551697266033,33.05
1102,8.192968719719122,17.28135643310296,59.833333333333336
1103,9.658584929130186,35.932931127660886,59.95
1104,12.322886204726132,35.70929777579781,59.95
1105,10.415035750496616,29.458915570379784,59.8
1106,8.762879651718151,31.362156844090208,59.75
1107,13.392311203517073,24.624731792913956,41.73333333333333
1108,4.3166993888084,11.40990541918581,43.45
1109,13.233324826615169,28.830287530679307,45.0
1110,12.610616928323012,53.05904296006923,59.75
1111,11.101161757482604,32.396565488352806,59.8
1112,12.387675709543709,34.605652742807244,59.766666666666666
1113,8.212037471858515,28.25066808985314,59.93333333333333
1114,7.652736512668843,37.81256853110136,59.766666666666666
1115,0.6230894516965958,0.9738293813229447,1.0
1116,9.536142703458582,21.67441491216498,59.71666666666667
1117,7.023046432818719,18.104106725886165,36.35
1118,7.030570738538828,24.14803454053643,59.85
1119,11.195864314372495,41.093728159720634,58.266666666666666
1120,7.573352891896218,34.31458417091028,59.95
1121,9.498414971597393,37.63364501544463,59.75
1122,15.542678516325081,67.96170531225792,59.78333333333333
1123,13.189017473097122,31.544871876877462,59.766666666666666
1124,9.597921890793238,26.338051645761784,59.95
1125,11.564872186395643,39.09180646740551,59.93333333333333
1126,9.317025390447983,33.150603055937296,59.766666666666666
1127,13.897820535049428,40.67166568694211,49.11666666666667
1128,11.705959363976294,33.85786823538276,59.96666666666667
1129,14.182506613856653,35.96094571936404,59.766666666666666
1130,8.651500432919091,32.66290356802983,59.766666666666666
1131,9.762268340763223,30.079119210653893,52.21666666666667
1132,16.713108000941336,47.84595583712363,56.15
1133,10.202132738543167,34.63306185345846,59.9
1134,16.915302320929477,43.21036639377907,57.95
1135,13.034144136268962,43.14011644892563,59.96666666666667
1136,11.648861772895955,39.660383720915426,59.95
1137,9.067466012006312,31.29291333360661,59.78333333333333
1138,10.475751917462851,29.573836533473532,59.91666666666666
1139,8.180156823407712,31.03453964230571,59.95
1140,9.760045376248113,22.78328791318459,35.86666666666667
1141,11.052376885042955,24.036018853529292,24.9
1142,7.5891118858558455,24.869786586329273,59.95
1143,12.809060268711663,35.179403568886414,59.78333333333333
1144,11.656068114506834,34.027967790790086,45.16666666666666
1145,12.06457156298222,32.33606928808371,59.8
1146,7.8527400757018,24.63683181096845,59.75
1147,8.572180733896026,41.23612937955602,59.93333333333333
1148,11.073646386860727,24.54325521153152,59.95
1149,8.00361384269293,26.283830196604047,59.78333333333333
1150,8.474344124864322,36.5752262033013,59.78333333333333
1151,13.147612861612354,28.904745505696283,59.9
1152,13.582772558747958,46.88654369104829,59.93333333333333
1153,9.004411823244187,30.43377280534628,59.96666666666667
1154,11.487070390635239,28.453532989752073,37.333333333333336
1155,14.460519645884776,26.875058278551535,14.95
1156,5.0340458203660745,7.5785542537272095,10.8
1157,11.684991000327209,34.326338350718565,59.766666666666666
1158,14.46026271739957,35.18566703897598,50.3
1159,11.739546122507594,33.83117098727313,59.78333333333333
1160,7.450750441480523,24.749190103963745,59.833333333333336
1161,7.243846759889159,23.874613259093113,59.93333333333333
1162,9.064905779850067,32.412658788733246,59.78333333333333
1163,8.489850056810095,27.923614959197803,59.833333333333336
1164,17.238576656887798,43.982390907212746,55.95
1165,13.82060070843517,70.46370087800649,59.91666666666666
1166,8.040666108515243,28.986550164914185,57.266666666666666
1167,10.184931627745016,31.219140760928063,56.95
1168,14.402789535203311,41.11713526169266,59.95
1169,13.42106514990937,31.780325288051532,37.41666666666666
1170,15.557788825790434,52.344996408103995,59.95
1171,11.76471848964794,42.96035452839667,59.86666666666667
1172,8.905700142815148,34.89680864944993,59.766666666666666
1173,6.867877801026656,14.414707299362613,14.966666666666669
1174,8.269773960537533,15.433862654170914,18.6
1175,14.028980812825585,53.88949224101731,59.766666666666666
1176,11.90099012869426,36.34739518743556,59.81666666666667
1177,7.225570315914361,23.311748775299808,59.86666666666667
1178,13.128374639125383,46.75685879341431,59.8
1179,3.8510879434913843,15.346145497928163,39.35
1180,8.154455464523163,44.92241102933888,59.95
1181,9.883375539374988,42.216498565775716,58.63333333333333
1182,9.063487775675936,28.628802718950283,59.93333333333333
1183,8.378914151081567,32.61802418530401,59.93333333333333
1184,8.541654851131153,30.249992613187032,59.766666666666666
1185,7.765065671287138,19.327168159336058,59.86666666666667
1186,9.317404022564766,28.34335627146188,59.93333333333333
1187,12.167528762981703,42.67252311709532,59.78333333333333
1188,7.5345195757199885,38.23567177806864,59.766666666666666
1189,8.279313907699132,35.10338076595674,59.78333333333333
1190,7.270558471631023,28.73002975213819,59.766666666666666
1191,9.560763180737837,24.342413983663107,59.95
1192,10.818827211521096,24.997952618096523,58.46666666666667
1193,9.697323550353943,42.71173460623686,59.93333333333333
1194,9.4042607398729,21.511263931289488,59.91666666666666
1195,11.066049007634101,27.615247921785226,31.05
1196,6.566490402374627,25.967700199348727,33.75
1197,10.115155313268158,39.15282541823334,59.93333333333333
1198,11.107562218420124,42.25406306231343,59.96666666666667
1199,12.458093368155922,46.0556914853007,59.78333333333333
1200,6.803678705953645,11.779403029683476,27.23333333333333
1201,7.72444501832495,14.764753883417086,26.75
1202,6.873050195581496,23.00682565154388,53.6
1203,7.19370251952082,29.89425931784609,59.61666666666667
1204,11.850318106236694,40.82967859757067,59.81666666666667
